sensor_id,ts,soil_moisture,temperature,humidity,rainfall,irrigation_needed
sensor_2,2025-11-30T17:38:48.691305,58.46905349410951,28.4,51.8,0.81,False
sensor_3,2025-11-30T17:38:48.691966,45.73343639181701,25.5,60.0,0.76,False
sensor_1,2025-11-30T17:38:48.698401,30.54191518348132,25.7,54.4,0.31,False
sensor_1,2025-11-30T17:38:49.334780,25.478822420729134,25.7,42.3,0.52,False
sensor_3,2025-11-30T17:38:49.355946,37.66372831209898,28.5,57.7,1.18,False
sensor_2,2025-11-30T17:38:49.577762,45.109359428651096,28.9,30.0,0.61,False
sensor_1,2025-11-30T17:38:50.287200,44.62055209060393,27.0,71.8,0.17,False
sensor_3,2025-11-30T17:38:50.426394,36.64946619733219,23.3,62.3,0.0,False
sensor_2,2025-11-30T17:38:50.464383,62.757782425662256,26.2,34.6,0.0,False
sensor_1,2025-11-30T17:38:50.894029,59.94829155872392,25.1,63.7,0.15,False
sensor_2,2025-11-30T17:38:51.386400,23.430602272548057,40.8,86.6,0.72,False
sensor_3,2025-11-30T17:38:51.512992,40.15962766075729,24.2,82.9,1.0,False
sensor_1,2025-11-30T17:38:51.802694,34.28999459419603,32.1,33.8,0.11,False
sensor_2,2025-11-30T17:38:52.426181,37.28727300515736,25.1,47.9,0.62,False
sensor_3,2025-11-30T17:38:52.719617,26.250025311364343,22.9,74.9,0.01,True
sensor_1,2025-11-30T17:38:52.960918,60.066881092028225,30.6,38.1,0.0,False
sensor_2,2025-11-30T17:38:53.238114,18.057911023364678,18.8,33.1,0.81,False
sensor_1,2025-11-30T17:38:53.798400,12.076481101444067,31.6,30.7,0.0,True
sensor_3,2025-11-30T17:38:53.804938,39.353925132208005,21.4,52.3,0.0,False
sensor_2,2025-11-30T17:38:54.145026,41.51788580396393,26.3,50.3,0.0,False
sensor_3,2025-11-30T17:38:54.543927,38.30422955014502,18.7,32.9,0.0,False
sensor_1,2025-11-30T17:38:54.575594,46.0120963014012,25.2,56.3,0.0,False
sensor_2,2025-11-30T17:38:55.398032,30.736806363585103,31.6,64.9,0.0,False
sensor_3,2025-11-30T17:38:55.536898,21.789738618881486,27.4,81.5,0.85,False
sensor_1,2025-11-30T17:38:55.754714,38.061096192024536,26.8,56.2,0.84,False
sensor_2,2025-11-30T17:38:56.050542,26.580746996261446,30.8,41.8,0.39,True
sensor_3,2025-11-30T17:38:56.140103,33.71720564836347,26.8,45.0,0.0,False
sensor_2,2025-11-30T17:38:56.583578,44.5444421909981,26.5,65.7,0.0,False
sensor_1,2025-11-30T17:38:56.869849,42.68168031141642,29.5,54.8,1.04,False
sensor_1,2025-11-30T17:38:57.460387,50.44659975567355,23.6,50.5,0.01,False
sensor_3,2025-11-30T17:38:57.543572,46.69472445434782,28.6,81.6,0.0,False
sensor_2,2025-11-30T18:03:37.228102,29.03680473628842,27.4,74.5,1.03,False
sensor_3,2025-11-30T18:03:37.229015,28.407185827052842,17.0,34.8,0.0,True
sensor_1,2025-11-30T18:03:37.236659,14.34159317642525,23.0,55.5,0.5,False
sensor_1,2025-11-30T18:03:37.983995,38.39734433715029,21.0,71.7,0.0,False
sensor_2,2025-11-30T18:03:38.112488,13.700478685168282,27.5,41.7,1.0,False
sensor_3,2025-11-30T18:03:38.265165,26.51573859886024,28.9,46.0,0.23,True
sensor_1,2025-11-30T18:03:38.495635,68.39136655421211,32.2,69.5,0.0,False
sensor_1,2025-11-30T18:03:39.075585,21.215862942138816,24.8,62.9,0.0,True
sensor_2,2025-11-30T18:03:39.096279,34.38653190488172,25.2,68.6,0.55,False
sensor_3,2025-11-30T18:03:39.325498,51.43491723568133,17.7,52.6,0.0,False
sensor_2,2025-11-30T18:03:39.656542,58.52151498076727,20.5,60.4,0.64,False
sensor_1,2025-11-30T18:03:40.405280,38.950124733711135,24.7,83.8,0.18,False
sensor_3,2025-11-30T18:03:40.425235,40.64662954429677,22.5,58.2,0.54,False
sensor_2,2025-11-30T18:03:40.851893,35.54215003324221,25.0,35.7,0.29,False
sensor_3,2025-11-30T18:03:41.756479,6.349221716782971,20.5,51.5,0.23,True
sensor_1,2025-11-30T18:03:41.765311,41.583870539769045,31.5,69.3,0.0,False
sensor_1,2025-11-30T18:03:42.303073,26.276798526023818,24.2,68.4,0.0,True
sensor_2,2025-11-30T18:03:42.330519,52.534731185564475,26.2,30.0,1.08,False
sensor_2,2025-11-30T18:03:42.842946,38.615543177472844,26.5,59.0,1.4,False
sensor_1,2025-11-30T18:03:43.195304,63.88337250253346,26.9,44.4,1.4,False
sensor_3,2025-11-30T18:03:43.247585,46.977300214315434,35.7,87.1,0.0,False
sensor_2,2025-11-30T18:03:43.861221,60.19253736111516,16.3,48.0,0.0,False
sensor_3,2025-11-30T18:03:44.201144,57.88495474984416,22.6,44.1,0.21,False
sensor_1,2025-11-30T18:03:44.484722,39.027653572951756,11.7,61.1,0.51,False
sensor_2,2025-11-30T18:03:44.792647,38.91720909000673,17.7,48.5,1.06,False
sensor_3,2025-11-30T18:03:44.991817,35.345164388552014,25.4,70.7,0.55,False
sensor_2,2025-11-30T18:03:45.603748,40.10735156466332,22.6,43.2,0.02,False
sensor_3,2025-11-30T18:03:45.614198,40.738640924651406,24.4,63.8,0.19,False
sensor_1,2025-11-30T18:03:45.826446,45.15291060041959,23.3,39.2,0.5,False
sensor_2,2025-11-30T18:03:46.281830,57.79435161122817,29.6,85.9,0.94,False
sensor_1,2025-11-30T18:03:46.927535,47.39447256647055,25.1,75.8,0.25,False
sensor_3,2025-11-30T18:03:47.018455,56.664246944702015,28.6,81.8,0.0,False
sensor_2,2025-11-30T18:03:47.052142,0.3478843988540916,20.3,37.0,0.09,True
sensor_3,2025-11-30T18:03:47.980130,18.206760254268303,20.7,78.3,0.03,True
sensor_1,2025-11-30T18:03:48.200014,38.26234166558717,27.2,36.1,0.38,False
sensor_2,2025-11-30T18:03:48.551035,15.964036916273557,17.9,79.8,0.34,True
sensor_3,2025-11-30T18:03:48.643748,32.67042340394749,27.9,86.2,1.11,False
sensor_2,2025-11-30T18:03:49.110724,49.68376565411188,17.6,68.6,0.4,False
sensor_1,2025-11-30T18:03:49.267632,6.868129541944775,34.5,78.9,0.0,True
sensor_3,2025-11-30T18:03:49.610891,19.401592472639503,25.4,52.0,1.3,False
sensor_1,2025-11-30T18:03:50.003522,50.835487994961774,21.9,53.5,0.0,False
sensor_3,2025-11-30T18:03:50.116842,25.804960861317653,22.0,30.4,0.96,False
sensor_2,2025-11-30T18:03:50.350257,32.36369784154202,18.3,47.8,0.0,False
sensor_1,2025-11-30T18:03:51.185988,51.26724224193282,27.3,36.5,0.0,False
sensor_3,2025-11-30T18:03:51.249651,49.016789426859134,25.0,60.0,0.04,False
sensor_2,2025-11-30T18:03:51.350451,39.21454275330486,25.5,37.1,0.21,False
sensor_3,2025-11-30T18:03:51.989904,47.60744296591634,26.0,86.6,0.11,False
sensor_1,2025-11-30T18:03:52.469652,47.98014451792364,27.0,32.0,0.0,False
sensor_2,2025-11-30T18:03:52.493656,14.815920418938486,26.6,37.9,1.24,False
sensor_3,2025-11-30T18:03:52.663181,50.16927931318296,25.3,34.2,0.06,False
sensor_3,2025-11-30T18:03:53.453037,46.041799546773134,23.1,37.0,0.67,False
sensor_2,2025-11-30T18:03:53.580677,34.08370333359996,28.4,76.0,0.0,False
sensor_1,2025-11-30T18:03:53.800566,58.314703622971635,25.3,48.0,0.0,False
sensor_3,2025-11-30T18:03:54.439237,36.73324787866809,21.7,45.4,0.35,False
sensor_2,2025-11-30T18:03:54.901250,52.162501337708925,21.7,79.8,0.49,False
sensor_1,2025-11-30T18:03:55.107463,14.363118571459609,16.2,42.1,0.35,True
sensor_3,2025-11-30T18:03:55.759788,34.53030730510578,20.4,60.6,0.0,False
sensor_2,2025-11-30T18:03:55.993094,36.894877810004104,25.5,61.8,1.05,False
sensor_1,2025-11-30T18:03:56.380892,51.664498334851515,19.4,59.9,0.0,False
sensor_3,2025-11-30T18:03:57.063375,30.617185601705202,28.7,35.0,0.0,False
sensor_2,2025-11-30T18:03:57.071981,54.23266502124167,21.1,33.1,0.2,False
sensor_3,2025-11-30T18:03:57.606402,39.04864825370139,18.7,35.7,0.42,False
sensor_1,2025-11-30T18:03:57.696126,29.378043856630953,24.5,41.8,0.0,True
sensor_3,2025-11-30T18:03:58.155266,34.055699168865154,26.8,45.6,0.0,False
sensor_2,2025-11-30T18:03:58.281250,32.40935266688256,19.4,67.5,0.86,False
sensor_1,2025-11-30T18:03:58.406242,42.78681962623101,24.2,61.9,0.0,False
sensor_2,2025-11-30T18:03:59.260945,42.313234339256105,22.5,74.3,0.0,False
sensor_3,2025-11-30T18:03:59.268005,25.213708452953558,26.1,57.6,0.0,True
sensor_1,2025-11-30T18:03:59.653106,43.88843873175,26.7,69.2,0.0,False
sensor_3,2025-11-30T18:03:59.959166,35.35405922266333,33.9,53.6,0.34,False
sensor_2,2025-11-30T18:04:00.540983,32.27664675284601,21.1,43.3,0.0,False
sensor_1,2025-11-30T18:04:00.714112,33.21955778974372,27.1,75.1,0.44,False
sensor_3,2025-11-30T18:04:01.155136,43.03337360729082,24.5,85.2,0.6,False
sensor_2,2025-11-30T18:04:01.282571,50.05626179225612,26.9,66.6,0.25,False
sensor_1,2025-11-30T18:04:01.293252,55.471955236568334,25.1,52.1,1.02,False
sensor_1,2025-11-30T18:04:02.154177,34.04272685763405,25.2,78.7,0.0,False
sensor_3,2025-11-30T18:04:02.469075,46.45646786623652,25.5,52.8,0.45,False
sensor_2,2025-11-30T18:04:02.743527,58.964567934261495,17.4,71.9,0.79,False
sensor_2,2025-11-30T18:04:03.360360,42.77305504190787,19.5,38.9,0.24,False
sensor_1,2025-11-30T18:04:03.641468,64.47832016713224,30.6,35.5,0.33,False
sensor_3,2025-11-30T18:04:03.957614,38.69669304599559,19.7,34.5,0.83,False
sensor_2,2025-11-30T18:04:04.575794,30.133815618766203,24.3,82.5,0.59,False
sensor_3,2025-11-30T18:04:04.807293,33.280287627859444,24.6,41.2,0.77,False
sensor_1,2025-11-30T18:04:04.973603,40.090127063859626,21.8,83.2,0.0,False
sensor_3,2025-11-30T18:04:05.865959,60.73548148115177,20.9,54.5,0.73,False
sensor_2,2025-11-30T18:04:05.984106,51.36914321357926,26.9,87.4,1.63,False
sensor_1,2025-11-30T18:04:06.018766,25.212735064734368,23.3,71.2,0.82,False
sensor_3,2025-11-30T18:04:06.561147,41.35871515534875,23.5,65.7,0.0,False
sensor_2,2025-11-30T18:04:06.583434,53.23469103002332,25.5,70.1,0.15,False
sensor_3,2025-11-30T18:04:07.074297,15.102878477940724,26.9,77.8,0.29,True
sensor_1,2025-11-30T18:04:07.132807,51.66337596002144,26.4,47.5,0.06,False
sensor_2,2025-11-30T18:04:07.433879,55.97760758631983,25.3,57.8,0.0,False
sensor_1,2025-11-30T18:04:08.176924,60.36113171194552,28.9,72.4,0.0,False
sensor_3,2025-11-30T18:04:08.254885,34.30845699823279,19.2,88.2,0.35,False
sensor_2,2025-11-30T18:04:08.759684,53.41093309179502,21.3,39.2,0.01,False
sensor_3,2025-11-30T18:04:09.324060,36.3349072126253,24.9,33.9,0.0,False
sensor_1,2025-11-30T18:04:09.568128,40.629229075633084,22.9,80.6,1.57,False
sensor_2,2025-11-30T18:04:10.018275,8.073174163662479,23.6,38.1,0.0,True
sensor_3,2025-11-30T18:04:10.481488,30.851745704059006,26.0,65.4,0.0,False
sensor_1,2025-11-30T18:04:10.530653,2.5285748653366653,31.1,44.1,1.0,False
sensor_2,2025-11-30T18:04:11.312263,25.71634071520348,26.3,81.8,0.0,True
sensor_3,2025-11-30T18:04:11.638410,4.318563530512158,27.8,60.5,0.15,True
sensor_1,2025-11-30T18:04:11.813652,3.6453473178507707,27.9,78.9,0.0,True
sensor_2,2025-11-30T18:04:11.829120,35.526314577173,31.6,53.9,0.45,False
sensor_2,2025-11-30T18:04:12.572330,31.25979666648588,31.4,58.4,0.0,False
sensor_1,2025-11-30T18:04:12.575655,26.91267443337792,32.8,87.3,0.0,True
sensor_3,2025-11-30T18:04:12.767297,49.924153165781284,22.1,55.7,0.11,False
sensor_3,2025-11-30T18:04:13.525443,24.81815752805688,24.6,34.0,0.0,True
sensor_1,2025-11-30T18:04:13.812932,30.14711624879509,30.0,61.4,0.16,False
sensor_2,2025-11-30T18:04:13.830159,3.908486172298552,27.7,71.4,0.0,True
sensor_2,2025-11-30T18:04:14.433500,36.59746829896339,23.5,71.0,0.21,False
sensor_3,2025-11-30T18:04:14.630519,15.98402433303761,28.0,48.7,0.07,True
sensor_2,2025-11-30T18:04:14.984329,33.48172078083974,19.7,53.8,0.55,False
sensor_1,2025-11-30T18:04:15.111879,23.88088098213889,25.4,39.3,0.17,True
sensor_3,2025-11-30T18:04:15.570247,55.60354934433621,20.9,47.8,0.42,False
sensor_2,2025-11-30T18:04:16.174204,50.87235315544331,23.3,41.0,0.5,False
sensor_3,2025-11-30T18:04:16.213261,13.723729832398767,27.5,59.4,0.1,True
sensor_1,2025-11-30T18:04:16.226735,63.57410305180677,34.1,60.3,0.0,False
sensor_2,2025-11-30T18:04:16.693720,10.256055105264277,28.3,64.8,0.58,False
sensor_3,2025-11-30T18:04:17.038741,35.59545092398792,28.2,42.1,0.01,False
sensor_1,2025-11-30T18:04:17.056115,43.51672386050714,19.4,66.8,0.0,False
sensor_2,2025-11-30T18:04:17.322617,18.510575533701463,12.2,78.6,0.0,True
sensor_3,2025-11-30T18:04:17.648788,55.70352362910405,26.4,44.6,0.45,False
sensor_1,2025-11-30T18:04:18.089006,46.19531680968011,28.2,40.2,0.22,False
sensor_2,2025-11-30T18:04:18.182487,46.7063254711737,30.8,30.0,0.15,False
sensor_1,2025-11-30T18:04:18.758764,43.47874034780301,21.3,41.8,0.0,False
sensor_3,2025-11-30T18:04:18.874342,62.524752083101916,26.3,87.6,0.0,False
sensor_2,2025-11-30T18:04:18.881622,60.652378925736045,19.3,76.5,0.63,False
sensor_1,2025-11-30T18:04:19.457590,52.230837233354066,18.8,81.8,0.34,False
sensor_2,2025-11-30T18:04:19.600873,30.452496232528176,36.2,77.9,0.56,False
sensor_3,2025-11-30T18:04:19.659644,26.94514367429657,29.3,88.0,1.08,False
sensor_3,2025-11-30T18:04:20.263705,47.29131090619717,14.9,34.0,0.87,False
sensor_1,2025-11-30T18:04:20.683148,18.723209909460202,22.7,43.8,0.0,True
sensor_2,2025-11-30T18:04:20.934162,31.654712674904072,27.5,56.5,0.0,False
sensor_3,2025-11-30T18:04:21.709560,20.789354337313195,26.6,90.0,0.0,True
sensor_1,2025-11-30T18:04:21.908066,35.46961838214058,29.7,87.4,0.0,False
sensor_2,2025-11-30T18:04:22.219535,57.608495611180736,28.0,82.0,0.0,False
sensor_3,2025-11-30T18:04:22.346703,44.79258623939553,20.2,70.9,0.0,False
sensor_1,2025-11-30T18:04:23.064576,8.729885969444922,23.8,54.8,0.88,False
sensor_3,2025-11-30T18:04:23.269431,40.612414195669004,22.2,44.4,0.29,False
sensor_2,2025-11-30T18:04:23.386602,25.09021979385725,26.6,57.0,0.0,True
sensor_3,2025-11-30T18:04:23.809633,7.830087839455246,25.8,60.6,0.03,True
sensor_1,2025-11-30T18:04:24.152251,28.284493301834438,12.8,60.9,0.12,True
sensor_2,2025-11-30T18:04:24.376273,45.146390066126514,23.4,34.0,0.0,False
sensor_3,2025-11-30T18:04:24.701703,34.43248812938996,27.4,89.4,0.0,False
sensor_2,2025-11-30T18:04:24.977041,59.17347396217511,28.0,64.4,0.08,False
sensor_1,2025-11-30T18:04:25.299673,34.7456321375038,29.9,78.3,0.0,False
sensor_3,2025-11-30T18:04:25.778082,25.293180549195768,25.4,86.2,0.4,True
sensor_2,2025-11-30T18:04:26.471437,44.01555063547933,36.1,87.8,0.0,False
sensor_1,2025-11-30T18:04:26.633168,50.781577770963004,17.7,81.7,0.0,False
sensor_3,2025-11-30T18:04:27.244824,46.905992734693896,23.6,66.3,0.78,False
sensor_1,2025-11-30T18:04:27.614090,60.01068424459599,27.6,40.5,0.75,False
sensor_2,2025-11-30T18:04:27.624355,44.73710062499967,25.7,76.8,0.28,False
sensor_3,2025-11-30T18:04:27.958222,1.7226277367509368,20.5,69.2,0.44,True
sensor_2,2025-11-30T18:04:28.509213,43.30279812934589,20.3,31.5,0.56,False
sensor_3,2025-11-30T18:04:28.600832,59.53131809802809,21.1,84.4,0.0,False
sensor_1,2025-11-30T18:04:29.085158,40.62613946686233,22.3,86.3,0.0,False
sensor_3,2025-11-30T18:04:29.124641,40.54191367083949,29.1,50.7,0.0,False
sensor_2,2025-11-30T18:04:29.609253,49.22809565316281,27.6,47.5,0.23,False
sensor_1,2025-11-30T18:04:30.336661,18.037556787839716,15.5,77.3,0.43,True
sensor_2,2025-11-30T18:04:30.407018,33.09848305130868,25.2,67.6,0.86,False
sensor_3,2025-11-30T18:04:30.585996,24.331303022633573,36.8,69.4,0.0,True
sensor_1,2025-11-30T18:04:31.052911,19.875062623193504,25.9,60.6,0.11,True
sensor_1,2025-11-30T18:04:31.580100,30.16369677768346,14.6,44.1,0.16,False
sensor_3,2025-11-30T18:04:31.614991,37.24447659125553,37.8,89.0,0.07,False
sensor_2,2025-11-30T18:04:31.906429,39.758185277192446,27.4,57.6,0.0,False
sensor_1,2025-11-30T18:04:32.091826,54.80567982970147,23.0,81.0,0.71,False
sensor_2,2025-11-30T18:04:32.687885,21.377510071602643,21.6,70.9,0.0,True
sensor_3,2025-11-30T18:04:32.860170,42.213557086697946,35.6,76.1,0.0,False
sensor_1,2025-11-30T18:04:32.896489,45.203921682512124,24.8,50.3,0.0,False
sensor_2,2025-11-30T18:04:33.298341,37.17966637101894,13.1,89.5,0.17,False
sensor_3,2025-11-30T18:04:33.747763,48.02162024236206,24.8,86.9,1.04,False
sensor_1,2025-11-30T18:04:33.947066,47.68253400325091,32.4,42.3,0.12,False
sensor_2,2025-11-30T18:04:34.094448,34.96154258236667,36.7,66.8,1.39,False
sensor_1,2025-11-30T18:04:34.548435,36.394244243670535,28.4,59.7,0.0,False
sensor_3,2025-11-30T18:04:35.130882,37.819833894437565,25.4,47.4,0.2,False
sensor_2,2025-11-30T18:04:35.362388,33.08377267375249,19.3,56.1,0.0,False
sensor_1,2025-11-30T18:04:35.843524,23.60261856597247,25.3,84.9,0.93,False
sensor_2,2025-11-30T18:04:35.941880,22.985160731645024,31.2,64.9,0.0,True
sensor_3,2025-11-30T18:04:36.122590,34.806218260799426,31.4,51.6,0.11,False
sensor_2,2025-11-30T18:04:36.577633,39.82579396759065,28.1,40.6,0.38,False
sensor_1,2025-11-30T18:04:36.969747,35.57312044634639,25.5,83.1,0.0,False
sensor_2,2025-11-30T18:04:37.090378,42.84355985586095,20.2,50.1,0.0,False
sensor_3,2025-11-30T18:04:37.339400,46.685760175955835,17.8,60.7,0.14,False
sensor_1,2025-11-30T18:04:37.564324,39.228409367311386,28.1,82.1,0.0,False
sensor_2,2025-11-30T18:04:37.903560,55.49345961716609,28.5,38.9,0.0,False
sensor_3,2025-11-30T18:04:38.130245,63.68169532741816,27.6,61.3,0.0,False
sensor_1,2025-11-30T18:04:38.568168,57.002078332370914,31.7,32.8,0.8,False
sensor_2,2025-11-30T18:04:38.795064,24.725909969779956,16.0,73.6,0.03,True
sensor_3,2025-11-30T18:04:39.124501,34.399474286916785,26.9,55.6,0.04,False
sensor_2,2025-11-30T18:04:39.462987,17.44729059016226,19.1,42.5,0.41,True
sensor_1,2025-11-30T18:04:39.782079,38.178160364437325,35.8,55.3,0.16,False
sensor_3,2025-11-30T18:04:40.356466,45.94876868797812,29.1,49.8,0.05,False
sensor_2,2025-11-30T18:04:40.500372,48.016888805468234,35.7,33.5,0.27,False
sensor_1,2025-11-30T18:04:41.025420,24.8774458534551,30.5,42.6,0.0,True
sensor_2,2025-11-30T18:04:41.293591,32.2588159385373,30.2,87.3,0.0,False
sensor_3,2025-11-30T18:04:41.601232,30.774229457544642,26.7,56.5,0.18,False
sensor_1,2025-11-30T18:04:42.124233,59.51252754328616,31.3,35.7,0.0,False
sensor_2,2025-11-30T18:04:42.191616,38.44330734842168,16.2,74.8,0.0,False
sensor_3,2025-11-30T18:04:42.418375,47.72381902877855,33.6,49.9,0.44,False
sensor_2,2025-11-30T18:04:43.146592,40.07164470244041,29.6,41.9,0.0,False
sensor_1,2025-11-30T18:04:43.385319,43.08285875877726,24.7,45.0,0.0,False
sensor_3,2025-11-30T18:04:43.663597,49.07282875565761,20.1,30.8,0.0,False
sensor_1,2025-11-30T18:04:44.166374,35.096731266181685,21.0,89.2,0.62,False
sensor_2,2025-11-30T18:04:44.363670,22.074420795135524,20.4,39.6,0.0,True
sensor_3,2025-11-30T18:04:44.637675,31.61369891385656,21.8,51.6,0.0,False
sensor_1,2025-11-30T18:04:45.225116,62.956775678172086,20.5,38.4,0.46,False
sensor_3,2025-11-30T18:04:45.580491,21.37799623651892,31.4,88.6,0.26,True
sensor_2,2025-11-30T18:04:45.638666,54.995088514740836,28.1,64.8,0.75,False
sensor_3,2025-11-30T18:04:46.335177,55.397811353756644,28.4,61.7,0.43,False
sensor_1,2025-11-30T18:04:46.482179,52.569334972326345,21.6,56.9,0.0,False
sensor_2,2025-11-30T18:04:46.712060,30.193070705912678,25.5,76.1,0.79,False
sensor_3,2025-11-30T18:04:47.359452,50.648626601355765,26.8,89.8,0.0,False
sensor_1,2025-11-30T18:04:47.378883,63.20036926374425,26.6,88.0,1.24,False
sensor_2,2025-11-30T18:04:47.566614,19.475219117817776,30.2,76.2,0.41,True
sensor_3,2025-11-30T18:04:48.059419,43.284421694300576,34.4,80.8,0.22,False
sensor_2,2025-11-30T18:04:48.651393,57.28540395970771,19.4,65.1,0.45,False
sensor_3,2025-11-30T18:04:48.652225,27.00300580731346,25.7,50.2,1.58,False
sensor_1,2025-11-30T18:04:48.700313,31.879055680738944,26.8,30.6,0.0,False
sensor_2,2025-11-30T18:04:49.623220,78.83893819004547,30.8,37.0,0.61,False
sensor_1,2025-11-30T18:04:49.906361,43.85445288142182,16.0,31.0,0.0,False
sensor_3,2025-11-30T18:04:50.038397,32.60248006176445,28.2,39.7,0.15,False
sensor_2,2025-11-30T18:04:50.708518,30.940168319074694,22.6,87.9,0.0,False
sensor_1,2025-11-30T18:04:51.044129,56.63293343122264,21.3,42.5,0.0,False
sensor_3,2025-11-30T18:04:51.406150,40.951716383853196,19.5,87.0,0.14,False
sensor_2,2025-11-30T18:04:51.790243,30.68751427159824,24.4,61.8,0.0,False
sensor_3,2025-11-30T18:04:51.969493,47.27037886442621,26.4,73.3,0.28,False
sensor_1,2025-11-30T18:04:52.254912,45.069057462517016,24.5,44.5,0.56,False
sensor_2,2025-11-30T18:04:52.562024,70.6929593753217,23.7,43.9,0.0,False
sensor_3,2025-11-30T18:04:52.767797,14.393788626256313,22.3,43.1,0.0,True
sensor_1,2025-11-30T18:04:53.138525,50.52266443700945,28.4,46.8,0.51,False
sensor_3,2025-11-30T18:04:53.748657,35.08969433379088,28.2,79.7,0.34,False
sensor_2,2025-11-30T18:04:54.056444,39.487094364909325,31.6,53.0,0.0,False
sensor_1,2025-11-30T18:04:54.329657,27.887602518859538,31.6,73.2,0.15,True
sensor_3,2025-11-30T18:04:54.638356,17.505132773058946,20.8,38.6,0.0,True
sensor_2,2025-11-30T18:04:55.001238,38.57356972521514,24.2,84.9,0.91,False
sensor_1,2025-11-30T18:04:55.395717,43.12437950941645,28.9,33.1,0.56,False
sensor_3,2025-11-30T18:04:55.710066,42.041027595762365,27.4,73.1,0.8,False
sensor_1,2025-11-30T18:04:56.160854,60.664625539209744,27.1,68.0,0.0,False
sensor_2,2025-11-30T18:04:56.437945,51.76709250791356,22.3,65.6,0.0,False
sensor_3,2025-11-30T18:04:56.695867,56.79522459019914,23.3,31.8,0.34,False
sensor_1,2025-11-30T18:04:56.769317,38.193884954775584,28.0,34.9,0.0,False
sensor_3,2025-11-30T18:04:57.275979,51.970734122428475,27.1,37.8,0.23,False
sensor_1,2025-11-30T18:04:57.506053,61.32067951322947,24.1,52.5,0.12,False
sensor_2,2025-11-30T18:04:57.620455,33.8899675115906,37.4,37.2,0.0,False
sensor_3,2025-11-30T18:04:58.523255,73.04078587726264,18.2,51.0,0.64,False
sensor_1,2025-11-30T18:04:58.989948,28.693832507480046,28.1,58.9,0.43,True
sensor_2,2025-11-30T18:04:59.013778,48.43146668750771,23.9,36.3,0.39,False
sensor_3,2025-11-30T18:04:59.864435,17.55366891137439,29.8,84.5,0.0,True
sensor_2,2025-11-30T18:05:00.198742,43.05869068692527,21.5,50.8,0.1,False
sensor_1,2025-11-30T18:05:00.238968,45.64035633422123,32.1,83.6,0.55,False
sensor_3,2025-11-30T18:05:00.901792,0.061502230213079656,26.2,88.8,1.24,False
sensor_2,2025-11-30T18:05:01.527158,53.88560886893074,26.6,52.2,0.05,False
sensor_3,2025-11-30T18:05:01.530138,31.906042325250397,28.9,35.1,1.11,False
sensor_1,2025-11-30T18:05:01.706834,44.1576146904833,38.9,38.5,0.51,False
sensor_3,2025-11-30T18:05:02.155160,40.36446291757369,25.8,79.7,0.07,False
sensor_1,2025-11-30T18:05:02.557167,33.52512622249368,34.4,85.2,0.77,False
sensor_2,2025-11-30T18:05:02.611688,38.24253420784812,27.3,30.6,0.25,False
sensor_3,2025-11-30T18:05:02.859069,45.214873364663624,33.6,62.1,0.0,False
sensor_2,2025-11-30T18:05:03.388116,41.03933329001274,24.1,47.3,0.42,False
sensor_3,2025-11-30T18:05:03.456954,3.504322511769594,16.7,86.4,0.0,True
sensor_1,2025-11-30T18:05:03.792417,41.655031551747044,24.8,81.4,0.0,False
sensor_3,2025-11-30T18:05:04.088750,53.22587768598687,31.4,51.9,0.87,False
sensor_2,2025-11-30T18:05:04.349662,32.62016578334362,23.2,75.2,0.53,False
sensor_1,2025-11-30T18:05:05.181441,21.70563738504425,33.0,66.7,0.25,True
sensor_3,2025-11-30T18:05:05.441330,43.993356770391514,22.8,85.1,0.33,False
sensor_2,2025-11-30T18:05:05.485436,36.44712523317468,22.7,62.4,0.0,False
sensor_1,2025-11-30T18:05:06.639422,32.000969474032615,25.0,33.6,0.62,False
sensor_3,2025-11-30T18:05:06.703877,34.42583069679786,15.8,30.1,0.1,False
sensor_2,2025-11-30T18:05:06.904980,25.160892542932665,26.5,71.7,0.69,False
sensor_3,2025-11-30T18:05:07.567255,48.15956329511126,24.2,72.6,0.0,False
sensor_1,2025-11-30T18:05:07.689032,33.689161985177996,17.6,78.1,0.18,False
sensor_2,2025-11-30T18:05:07.748584,37.352546688263565,19.3,45.3,0.0,False
sensor_3,2025-11-30T18:05:08.156024,62.78676302809632,20.6,89.0,0.0,False
sensor_1,2025-11-30T18:05:08.212175,20.93810048837224,32.3,62.7,0.0,True
sensor_3,2025-11-30T18:05:08.935913,68.63619046729507,31.3,42.9,0.33,False
sensor_2,2025-11-30T18:05:09.136064,42.76509688165106,27.4,85.0,0.16,False
sensor_1,2025-11-30T18:05:09.197708,45.99472469847662,26.8,82.6,0.3,False
sensor_2,2025-11-30T18:05:09.972687,38.3416661917404,28.9,54.0,0.49,False
sensor_3,2025-11-30T18:05:10.037080,61.953969756022204,23.4,44.2,1.75,False
sensor_1,2025-11-30T18:05:10.601613,37.96181801772851,31.3,56.5,0.8,False
sensor_3,2025-11-30T18:05:11.087786,40.74285438370922,23.2,71.1,0.0,False
sensor_2,2025-11-30T18:05:11.420988,31.878567967894785,27.5,55.9,0.0,False
sensor_1,2025-11-30T18:05:11.601583,53.58548555386404,29.7,37.5,0.0,False
sensor_3,2025-11-30T18:05:11.634318,49.27475956095506,20.1,82.2,0.53,False
sensor_1,2025-11-30T18:05:12.307021,67.15398991124812,29.2,50.7,0.0,False
sensor_3,2025-11-30T18:05:12.364140,30.418268984457352,28.6,42.1,0.0,False
sensor_2,2025-11-30T18:05:12.643479,43.405229666547,20.7,65.2,0.76,False
sensor_3,2025-11-30T18:05:13.116845,34.81369872564778,23.5,71.2,0.72,False
sensor_2,2025-11-30T18:05:13.277394,63.93134518305214,16.6,48.1,0.93,False
sensor_1,2025-11-30T18:05:13.401753,39.66252160391753,25.2,76.5,0.58,False
sensor_2,2025-11-30T18:05:14.001170,49.49091316871352,25.2,82.3,0.0,False
sensor_1,2025-11-30T18:05:14.234998,36.55610522632504,30.6,70.8,0.14,False
sensor_3,2025-11-30T18:05:14.616652,50.82871725549074,27.7,37.9,0.28,False
sensor_1,2025-11-30T18:05:15.010393,46.40050386428872,27.2,45.0,0.0,False
sensor_2,2025-11-30T18:05:15.225328,30.18455320605934,24.0,71.5,0.58,False
sensor_3,2025-11-30T18:05:15.927607,22.642672803310344,20.9,39.3,0.49,True
sensor_1,2025-11-30T18:05:15.958617,63.78010945211079,19.5,70.8,0.63,False
sensor_2,2025-11-30T18:05:16.371532,16.25523433407907,28.6,73.0,0.0,True
sensor_1,2025-11-30T18:05:16.602823,39.807042919866866,23.3,39.3,0.54,False
sensor_3,2025-11-30T18:05:17.390629,46.48395718681874,26.8,67.6,0.5,False
sensor_2,2025-11-30T18:05:17.733361,33.59994757549631,24.6,52.3,0.83,False
sensor_1,2025-11-30T18:05:17.932310,56.62650417842055,25.4,66.7,0.62,False
sensor_3,2025-11-30T18:05:18.466245,31.5361460596907,24.4,46.9,0.0,False
sensor_2,2025-11-30T18:05:18.770139,44.317316619199985,19.6,82.3,0.0,False
sensor_1,2025-11-30T18:05:18.794284,56.481909946357234,14.6,74.4,0.0,False
sensor_2,2025-11-30T18:05:19.451090,47.770089872658914,25.2,87.0,0.0,False
sensor_3,2025-11-30T18:05:19.639367,19.866249346616655,18.4,64.0,0.0,True
sensor_1,2025-11-30T18:05:20.078156,28.34025137401523,18.3,56.4,0.0,True
sensor_2,2025-11-30T18:05:20.271742,45.60273207160113,25.5,85.7,0.38,False
sensor_1,2025-11-30T18:05:20.680222,17.578231236015437,24.9,46.7,0.26,True
sensor_3,2025-11-30T18:05:21.119547,53.78231523093761,29.2,69.1,0.0,False
sensor_1,2025-11-30T18:05:21.368399,13.963057155992129,25.9,38.5,0.0,True
sensor_2,2025-11-30T18:05:21.484808,34.6468982611582,28.0,68.1,0.0,False
sensor_3,2025-11-30T18:05:22.383927,19.295291236845944,22.1,89.0,0.0,True
sensor_2,2025-11-30T18:05:22.535342,27.67898540579568,24.0,81.4,0.13,True
sensor_1,2025-11-30T18:05:22.859450,37.781522889711496,31.0,89.3,0.01,False
sensor_1,2025-11-30T18:05:23.367905,37.32750140337857,28.1,40.5,0.0,False
sensor_2,2025-11-30T18:05:23.545706,47.676947739443335,16.2,67.8,0.0,False
sensor_3,2025-11-30T18:05:23.782543,50.063708880278035,22.8,47.7,0.16,False
sensor_1,2025-11-30T18:05:24.263304,39.24060055953072,30.2,54.4,0.23,False
sensor_1,2025-11-30T18:05:24.774808,40.526493423418515,28.8,56.9,0.0,False
sensor_2,2025-11-30T18:05:24.877666,53.34153886478051,29.3,62.6,0.62,False
sensor_3,2025-11-30T18:05:25.018125,10.522081825688922,27.6,61.7,0.35,True
sensor_1,2025-11-30T18:05:25.469088,53.800863933842756,19.5,74.1,0.46,False
sensor_3,2025-11-30T18:05:25.793258,37.15390689315801,33.1,76.0,0.17,False
sensor_2,2025-11-30T18:05:25.806651,36.527057619975736,23.0,81.9,0.0,False
sensor_2,2025-11-30T18:05:26.352485,19.697359090591757,26.9,37.4,0.02,True
sensor_1,2025-11-30T18:05:26.644794,34.51430410254246,32.9,36.8,0.38,False
sensor_3,2025-11-30T18:05:26.974237,40.888413047926555,24.4,36.3,0.0,False
sensor_2,2025-11-30T18:05:27.312870,30.54024297168585,26.7,78.3,0.0,False
sensor_3,2025-11-30T18:05:27.758207,23.58946082578943,34.3,46.9,0.63,False
sensor_2,2025-11-30T18:05:27.858835,27.108802128358995,29.6,69.0,0.8,False
sensor_1,2025-11-30T18:05:28.050990,45.0362526938149,19.9,85.2,0.01,False
sensor_1,2025-11-30T18:05:28.770812,28.45311151287376,25.7,56.5,0.44,True
sensor_2,2025-11-30T18:05:28.912300,47.48819304563016,33.0,74.3,0.0,False
sensor_3,2025-11-30T18:05:28.933929,23.619650208103533,23.6,75.4,0.0,True
sensor_3,2025-11-30T18:05:29.563647,33.77358636593509,26.2,87.5,0.0,False
sensor_2,2025-11-30T18:05:29.622452,18.815263686612358,30.0,88.9,0.3,True
sensor_1,2025-11-30T18:05:29.964683,52.51426172363804,35.6,54.3,0.0,False
sensor_3,2025-11-30T18:05:30.260356,39.74408874207967,27.3,44.7,0.0,False
sensor_1,2025-11-30T18:05:30.501435,58.400419290385514,19.5,47.9,0.17,False
sensor_2,2025-11-30T18:05:30.955289,55.800635351274224,29.9,57.3,0.0,False
sensor_1,2025-11-30T18:05:31.083700,21.390234633635668,23.7,52.2,1.01,False
sensor_3,2025-11-30T18:05:31.464180,39.0261014882719,29.0,43.0,0.23,False
sensor_1,2025-11-30T18:05:31.907009,25.897795015033715,24.1,90.0,0.0,True
sensor_3,2025-11-30T18:05:32.129573,9.432016570452472,27.6,89.9,0.0,True
sensor_2,2025-11-30T18:05:32.380702,57.06463014849995,20.7,62.6,1.01,False
sensor_1,2025-11-30T18:05:33.073679,42.44446347975823,13.1,88.6,0.0,False
sensor_3,2025-11-30T18:05:33.111636,22.519948914601464,23.3,67.9,0.0,True
sensor_2,2025-11-30T18:05:33.480975,66.55920696225466,23.7,70.5,0.0,False
sensor_1,2025-11-30T18:05:33.818501,18.461987982956845,27.3,60.6,0.52,False
sensor_3,2025-11-30T18:05:34.379637,31.944953624228724,21.5,57.9,0.0,False
sensor_2,2025-11-30T18:05:34.552880,47.760706199246805,27.4,79.7,0.0,False
sensor_2,2025-11-30T18:05:35.086218,0.0,23.1,86.5,0.95,False
sensor_1,2025-11-30T18:05:35.182653,47.1990468796113,26.9,66.0,0.0,False
sensor_3,2025-11-30T18:05:35.687892,52.619072795866515,27.0,35.0,0.0,False
sensor_1,2025-11-30T18:05:36.225791,57.53526646290959,27.0,89.4,0.0,False
sensor_2,2025-11-30T18:05:36.364099,49.50596813199231,27.8,50.6,0.0,False
sensor_3,2025-11-30T18:05:36.825449,45.28124822415398,19.7,71.1,0.21,False
sensor_1,2025-11-30T18:05:36.829331,31.92285356430657,27.6,63.6,0.82,False
sensor_2,2025-11-30T18:05:37.514693,30.16668856010152,21.1,51.8,0.49,False
sensor_3,2025-11-30T18:05:37.540877,61.90549096792307,24.4,47.4,0.0,False
sensor_1,2025-11-30T18:05:37.567982,28.69298421075483,22.0,57.9,0.81,False
sensor_2,2025-11-30T18:05:38.400460,25.68141718204538,27.6,33.7,0.0,True
sensor_1,2025-11-30T18:05:38.755513,59.09619880160295,24.4,53.5,0.0,False
sensor_3,2025-11-30T18:05:38.825759,63.367722781163366,28.2,79.2,0.0,False
sensor_2,2025-11-30T18:05:39.418535,46.88832898588197,22.6,59.7,0.19,False
sensor_3,2025-11-30T18:05:39.715558,39.99566932551581,32.4,65.6,0.97,False
sensor_1,2025-11-30T18:05:40.114566,56.04161993199236,23.9,86.9,0.06,False
sensor_3,2025-11-30T18:05:40.622672,41.94426960420121,30.9,52.1,0.57,False
sensor_2,2025-11-30T18:05:40.907416,50.078607257847146,22.9,47.1,0.0,False
sensor_1,2025-11-30T18:05:41.029385,27.741274716803574,28.1,71.4,0.23,True
sensor_3,2025-11-30T18:05:41.610076,15.00988300093433,27.0,67.5,0.0,True
sensor_2,2025-11-30T18:05:41.786648,26.042540461169146,25.5,60.9,0.17,True
sensor_1,2025-11-30T18:05:41.853254,43.79780658776122,31.4,70.5,1.05,False
sensor_2,2025-11-30T18:05:42.316046,58.487633748780254,19.5,57.8,1.24,False
sensor_1,2025-11-30T18:05:42.960489,46.06855253950393,20.2,72.3,0.08,False
sensor_3,2025-11-30T18:05:42.999227,54.208012037302616,30.3,88.1,1.58,False
sensor_2,2025-11-30T18:05:43.056206,26.86484901999789,24.4,46.2,1.48,False
sensor_3,2025-11-30T18:05:43.948185,26.618835785319234,29.9,34.3,0.0,True
sensor_2,2025-11-30T18:05:44.054900,65.95986913473612,20.2,65.6,0.18,False
sensor_1,2025-11-30T18:05:44.448221,16.79297030777089,18.8,65.0,0.31,True
sensor_3,2025-11-30T18:05:44.844087,37.201340766605725,25.7,73.1,1.07,False
sensor_1,2025-11-30T18:05:45.241288,41.59992336806733,24.6,82.8,0.0,False
sensor_2,2025-11-30T18:05:45.452014,21.265380233869802,25.6,76.4,1.11,False
sensor_3,2025-11-30T18:05:45.617070,34.92622904336318,31.2,58.5,0.28,False
sensor_2,2025-11-30T18:05:46.290208,52.3414536726577,17.3,38.9,0.0,False
sensor_1,2025-11-30T18:05:46.695686,35.300630569701205,22.5,50.6,0.58,False
sensor_3,2025-11-30T18:05:46.737859,2.322395773918906,26.6,52.4,0.12,True
sensor_2,2025-11-30T18:05:47.011343,18.635400138943158,23.1,52.3,0.0,True
sensor_1,2025-11-30T18:05:47.354431,16.06515726605415,20.4,55.7,0.0,True
sensor_3,2025-11-30T18:05:47.420662,48.92251279920547,25.3,50.7,1.22,False
sensor_2,2025-11-30T18:05:47.706165,54.81474795517948,26.1,81.7,0.0,False
sensor_1,2025-11-30T18:05:48.167240,13.618763046442226,22.9,32.4,0.39,True
sensor_3,2025-11-30T18:05:48.440424,59.99175485137703,20.8,38.3,0.0,False
sensor_2,2025-11-30T18:05:48.729359,36.177933911153644,28.6,67.0,1.04,False
sensor_1,2025-11-30T18:05:49.299443,24.507732412258296,22.9,47.6,0.17,True
sensor_2,2025-11-30T18:05:49.611133,11.026754911300127,32.3,58.8,0.99,False
sensor_3,2025-11-30T18:05:49.872042,53.778671353042554,23.3,85.1,0.0,False
sensor_2,2025-11-30T18:05:50.334333,43.73327223067652,21.2,41.7,0.0,False
sensor_1,2025-11-30T18:05:50.711650,49.20347343358944,21.3,86.5,0.0,False
sensor_2,2025-11-30T18:05:51.132562,49.833577381861254,32.6,49.9,0.14,False
sensor_3,2025-11-30T18:05:51.324405,23.539633093219035,26.1,52.7,1.21,False
sensor_1,2025-11-30T18:05:51.717862,31.039727366646297,25.9,32.1,0.49,False
sensor_3,2025-11-30T18:05:52.260894,18.91255213410636,24.8,78.1,0.0,True
sensor_1,2025-11-30T18:05:52.527966,38.25961488726458,29.7,39.2,1.23,False
sensor_2,2025-11-30T18:05:52.568599,23.93064087789555,26.8,40.5,0.0,True
sensor_3,2025-11-30T18:05:52.917076,57.1946685343121,25.0,87.3,0.59,False
sensor_2,2025-11-30T18:05:53.326731,54.136630615373605,25.2,48.5,0.7,False
sensor_1,2025-11-30T18:05:53.695443,70.12944211696268,22.6,63.1,0.96,False
sensor_2,2025-11-30T18:05:53.946274,41.07155636326437,23.6,50.9,0.0,False
sensor_1,2025-11-30T18:05:54.221361,38.37133007955799,34.0,32.6,0.0,False
sensor_3,2025-11-30T18:05:54.275381,52.01037232749379,32.8,32.3,1.01,False
sensor_1,2025-11-30T18:05:54.970985,17.469683068956304,34.1,73.1,0.08,True
sensor_2,2025-11-30T18:05:55.203552,60.003619909369746,23.2,50.4,0.0,False
sensor_3,2025-11-30T18:05:55.205363,45.45372337541677,18.9,88.1,1.01,False
sensor_1,2025-11-30T18:05:56.341140,22.806671208975743,33.0,62.3,0.0,True
sensor_2,2025-11-30T18:05:56.441121,36.79632936098997,22.0,76.2,0.19,False
sensor_3,2025-11-30T18:05:56.484158,42.29055788526174,31.4,36.6,1.45,False
sensor_1,2025-11-30T18:05:56.929047,42.14184252728502,31.8,36.9,0.64,False
sensor_3,2025-11-30T18:05:57.133881,51.73387542346805,22.9,76.9,0.41,False
sensor_2,2025-11-30T18:05:57.158254,22.07732568809455,21.3,53.0,0.78,False
sensor_3,2025-11-30T18:05:57.872312,43.31639531832565,28.1,50.8,1.1,False
sensor_2,2025-11-30T18:05:58.083166,42.20609057525905,30.6,89.5,0.51,False
sensor_1,2025-11-30T18:05:58.370991,43.02804660731579,29.6,46.0,0.54,False
sensor_3,2025-11-30T18:05:58.683738,39.18607791299036,22.3,86.9,0.34,False
sensor_1,2025-11-30T18:05:59.188074,54.05131324843178,26.7,87.6,0.21,False
sensor_2,2025-11-30T18:05:59.499280,16.47194837840816,16.8,46.9,1.44,False
sensor_3,2025-11-30T18:06:00.013476,23.416547311594364,29.7,32.0,0.22,True
sensor_1,2025-11-30T18:06:00.433246,31.410060038812013,22.1,81.8,0.32,False
sensor_2,2025-11-30T18:06:00.478493,46.88233961328508,16.7,53.3,0.0,False
sensor_3,2025-11-30T18:06:00.789067,12.012809201422456,27.9,66.6,0.0,True
sensor_1,2025-11-30T18:06:01.790021,11.399265899605805,28.2,65.6,0.3,True
sensor_2,2025-11-30T18:06:01.871271,41.57635027190994,29.9,80.2,0.45,False
sensor_3,2025-11-30T18:06:02.114582,43.48418708495278,36.1,51.9,0.62,False
sensor_1,2025-11-30T18:06:02.299246,40.9815030489603,16.5,52.0,0.0,False
sensor_1,2025-11-30T18:06:02.801941,21.663878920344153,24.4,47.5,0.0,True
sensor_3,2025-11-30T18:06:03.208817,18.391305574526456,22.9,71.7,0.7,False
sensor_2,2025-11-30T18:06:03.339115,37.64202354724345,27.5,44.7,1.22,False
sensor_1,2025-11-30T18:06:03.351113,41.04119672460361,34.4,83.9,0.0,False
sensor_3,2025-11-30T18:06:04.034292,57.46280370346726,15.7,75.4,0.0,False
sensor_1,2025-11-30T18:06:04.603840,32.569009036193684,15.9,52.2,1.16,False
sensor_2,2025-11-30T18:06:04.782773,49.87420388573907,22.9,41.2,0.0,False
sensor_3,2025-11-30T18:06:05.142328,40.349982928999744,26.1,73.9,0.0,False
sensor_1,2025-11-30T18:06:05.662220,51.013277110811416,28.1,63.4,1.03,False
sensor_3,2025-11-30T18:06:05.728534,53.805158170864615,32.3,35.3,1.63,False
sensor_2,2025-11-30T18:06:05.801660,50.099400998406225,18.9,33.4,0.82,False
sensor_1,2025-11-30T18:06:06.462902,54.34474201502166,25.0,69.0,0.13,False
sensor_2,2025-11-30T18:06:06.778563,51.760521501979056,25.7,80.6,1.87,False
sensor_3,2025-11-30T18:06:06.959572,53.40967188270004,26.5,31.7,0.0,False
sensor_1,2025-11-30T18:06:07.298622,51.80253095853153,32.8,71.1,0.39,False
sensor_2,2025-11-30T18:06:07.390857,42.23536518071952,29.8,52.8,0.19,False
sensor_3,2025-11-30T18:06:07.611512,25.258096675547993,23.1,50.8,0.17,True
sensor_2,2025-11-30T18:06:08.363155,27.961218971787783,18.8,67.9,0.46,True
sensor_1,2025-11-30T18:06:08.364926,33.82956868954619,22.0,77.0,0.0,False
sensor_3,2025-11-30T18:06:08.984846,43.567642219673786,18.4,72.6,0.0,False
sensor_2,2025-11-30T18:06:09.192307,38.387373252486874,27.7,56.2,0.38,False
sensor_1,2025-11-30T18:06:09.429605,18.639790368773596,28.3,85.5,0.25,True
sensor_3,2025-11-30T18:06:10.169247,41.146224865169266,32.4,69.7,0.0,False
sensor_2,2025-11-30T18:06:10.333279,37.73479005313311,32.0,30.1,0.76,False
sensor_1,2025-11-30T18:06:10.539017,31.55698416977623,24.5,73.7,0.0,False
sensor_3,2025-11-30T18:06:10.849685,32.05489488437104,19.3,46.0,0.31,False
sensor_2,2025-11-30T18:06:11.068676,31.33356928138901,21.6,53.2,0.47,False
sensor_1,2025-11-30T18:06:11.166700,27.750112406921627,31.1,67.4,0.0,True
sensor_3,2025-11-30T18:06:12.047167,62.28348802680548,23.9,56.9,0.4,False
sensor_2,2025-11-30T18:06:12.554580,52.52289760415077,22.6,57.6,0.0,False
sensor_1,2025-11-30T18:06:12.612352,60.02397297595705,30.6,77.1,0.02,False
sensor_1,2025-11-30T18:06:13.183464,17.82206952432073,27.6,61.5,0.0,True
sensor_3,2025-11-30T18:06:13.495818,62.545934412748565,19.9,50.6,1.1,False
sensor_2,2025-11-30T18:06:13.872327,24.312110993516455,24.6,40.3,0.0,True
sensor_1,2025-11-30T18:06:14.605062,50.827538565694326,19.7,52.6,0.0,False
sensor_3,2025-11-30T18:06:14.974663,46.29602542188162,30.3,59.4,0.73,False
sensor_2,2025-11-30T18:06:15.220894,57.7073156604356,27.2,68.2,0.72,False
sensor_1,2025-11-30T18:06:15.658934,41.14072736306047,18.3,79.9,0.64,False
sensor_3,2025-11-30T18:06:15.986976,37.98348883405635,22.8,52.1,1.06,False
sensor_3,2025-11-30T18:06:16.567860,42.60466899120607,36.0,68.7,0.61,False
sensor_2,2025-11-30T18:06:16.588232,37.23842347872722,23.5,88.0,0.0,False
sensor_1,2025-11-30T18:06:17.111204,37.8976121870924,22.2,54.7,0.0,False
sensor_2,2025-11-30T18:06:17.371361,28.90581402119721,30.5,83.0,0.17,True
sensor_3,2025-11-30T18:06:17.711705,26.81662710356878,23.8,62.1,0.0,True
sensor_2,2025-11-30T18:06:17.886872,49.98757897438755,22.8,60.7,0.1,False
sensor_1,2025-11-30T18:06:18.011805,40.90253693441426,25.2,81.6,0.0,False
sensor_3,2025-11-30T18:06:18.931204,27.666886999810988,30.8,60.2,0.0,True
sensor_2,2025-11-30T18:06:19.238937,33.00860111878032,27.7,59.8,0.91,False
sensor_1,2025-11-30T18:06:19.493211,17.9528185680407,25.4,72.2,0.74,False
sensor_3,2025-11-30T18:06:19.521430,58.931495545994935,18.4,51.2,0.64,False
sensor_2,2025-11-30T18:06:20.210729,8.817562730831831,23.2,42.0,0.0,True
sensor_3,2025-11-30T18:06:20.257384,76.285695459702,22.5,30.4,0.0,False
sensor_1,2025-11-30T18:06:20.353045,35.62102755670063,19.2,89.1,0.18,False
sensor_2,2025-11-30T18:06:21.021317,31.50923869887304,21.0,51.2,0.0,False
sensor_3,2025-11-30T18:06:21.541192,28.226061973144162,24.8,82.8,0.0,True
sensor_1,2025-11-30T18:06:21.580215,56.459702382409006,21.5,31.7,1.25,False
sensor_2,2025-11-30T18:06:22.121653,47.81647559722212,22.6,87.5,0.52,False
sensor_3,2025-11-30T18:06:22.695509,30.86784992736478,22.7,75.7,0.13,False
sensor_1,2025-11-30T18:06:22.708909,24.80825317349378,20.5,37.7,0.0,True
sensor_1,2025-11-30T18:06:23.320922,62.676642363518056,26.7,35.3,0.31,False
sensor_2,2025-11-30T18:06:23.340621,30.446401036587723,24.8,87.9,0.0,False
sensor_3,2025-11-30T18:06:23.904540,38.87849407719607,27.0,87.6,0.0,False
sensor_1,2025-11-30T18:06:24.735853,61.58627540998141,28.2,32.1,0.0,False
sensor_2,2025-11-30T18:06:24.748010,32.45340830763737,22.7,53.3,1.05,False
sensor_3,2025-11-30T18:06:25.359643,41.90125226754313,28.0,44.0,0.0,False
sensor_2,2025-11-30T18:06:25.725458,40.55505637361239,23.9,31.4,0.44,False
sensor_1,2025-11-30T18:06:25.815366,67.35484625844231,26.6,82.0,0.3,False
sensor_2,2025-11-30T18:06:26.468330,55.8799208809344,15.9,74.7,0.86,False
sensor_3,2025-11-30T18:06:26.608439,59.40134855061714,15.9,34.5,0.0,False
sensor_1,2025-11-30T18:06:26.935708,24.945832089349814,24.0,48.2,0.68,False
sensor_2,2025-11-30T18:06:27.012891,33.150346687819514,26.3,42.7,0.44,False
sensor_3,2025-11-30T18:06:27.503068,43.39933221004961,21.5,79.5,0.0,False
sensor_2,2025-11-30T18:06:27.564453,33.80016916828621,17.7,67.7,0.0,False
sensor_1,2025-11-30T18:06:27.640163,45.58286985389117,27.0,82.5,0.0,False
sensor_3,2025-11-30T18:06:28.013858,48.71818982797275,15.1,67.6,0.0,False
sensor_2,2025-11-30T18:06:28.284862,24.794297226279674,26.5,47.3,0.54,False
sensor_1,2025-11-30T18:06:28.660953,32.537101883500604,38.1,58.9,0.05,False
sensor_3,2025-11-30T18:06:29.150454,41.24662806439466,19.4,40.5,0.51,False
sensor_2,2025-11-30T18:06:29.754315,36.47232281607941,23.2,32.4,1.02,False
sensor_1,2025-11-30T18:06:30.002165,49.56895154437727,21.7,40.8,0.46,False
sensor_3,2025-11-30T18:06:30.223573,36.4499667227647,19.5,30.6,0.0,False
sensor_2,2025-11-30T18:06:30.997125,37.483488762547466,25.2,86.8,1.41,False
sensor_1,2025-11-30T18:06:31.285619,65.6205913284769,28.4,67.4,0.34,False
sensor_3,2025-11-30T18:06:31.344869,19.931555317854393,26.4,71.5,0.7,False
sensor_2,2025-11-30T18:06:32.297303,37.15392411257838,23.7,81.8,0.28,False
sensor_3,2025-11-30T18:06:32.407959,34.15878665941131,21.3,44.2,1.37,False
sensor_1,2025-11-30T18:06:32.438662,38.74442082456434,27.9,87.1,1.09,False
sensor_1,2025-11-30T18:06:33.161404,45.89494128354129,27.9,59.1,0.1,False
sensor_3,2025-11-30T18:06:33.291020,54.98422951147332,19.5,38.4,0.27,False
sensor_2,2025-11-30T18:06:33.484556,42.8304175390683,24.4,62.9,0.0,False
sensor_3,2025-11-30T18:06:34.007263,25.31915978926061,24.9,63.0,0.0,True
sensor_1,2025-11-30T18:06:34.328980,18.666330843125394,15.2,85.9,0.54,False
sensor_3,2025-11-30T18:06:34.791821,32.938121764272495,21.7,75.4,0.0,False
sensor_1,2025-11-30T18:06:34.858096,45.39833837439558,28.9,64.3,0.0,False
sensor_2,2025-11-30T18:06:34.905923,43.884646181281255,26.4,43.9,1.24,False
sensor_3,2025-11-30T18:06:36.042611,13.205713656174293,21.1,35.9,0.02,True
sensor_2,2025-11-30T18:06:36.044638,58.05015796186123,35.1,37.8,0.2,False
sensor_1,2025-11-30T18:06:36.240540,16.832386249577766,31.0,51.0,0.63,False
sensor_2,2025-11-30T18:06:36.616523,24.714051336543633,27.1,54.3,0.0,True
sensor_3,2025-11-30T18:06:36.937468,35.097686085833764,24.4,79.5,0.47,False
sensor_1,2025-11-30T18:06:37.024302,18.41110082002756,22.6,50.6,0.31,True
sensor_2,2025-11-30T18:06:37.605835,28.087430024809066,32.6,74.8,0.0,True
sensor_3,2025-11-30T18:06:37.863686,64.78542298369821,28.9,75.0,0.0,False
sensor_1,2025-11-30T18:06:38.083489,18.561395350053296,25.2,86.7,0.4,True
sensor_2,2025-11-30T18:06:38.539622,10.731279252809887,27.7,81.2,0.0,True
sensor_2,2025-11-30T18:06:39.051311,22.52762438875103,30.4,36.0,1.71,False
sensor_3,2025-11-30T18:06:39.127278,0.0,27.3,85.9,0.04,True
sensor_1,2025-11-30T18:06:39.316096,23.451819017219144,20.7,37.0,0.55,False
sensor_3,2025-11-30T18:06:39.653252,70.92962491654235,20.8,73.6,0.0,False
sensor_2,2025-11-30T18:06:39.991955,43.76945371332719,24.1,59.2,0.56,False
sensor_3,2025-11-30T18:06:40.377720,32.108102788526615,24.8,73.4,0.12,False
sensor_1,2025-11-30T18:06:40.729318,15.25453158192321,32.1,45.3,0.15,True
sensor_2,2025-11-30T18:06:40.789657,34.07623050726351,28.2,59.8,0.0,False
sensor_3,2025-11-30T18:06:41.363638,58.44656106849995,17.6,55.7,0.34,False
sensor_1,2025-11-30T18:06:41.480909,45.57347755645474,27.1,44.8,0.48,False
sensor_2,2025-11-30T18:06:41.882453,61.731693475008164,30.6,52.6,0.4,False
sensor_1,2025-11-30T18:06:42.742262,17.098528255162122,18.3,59.0,0.24,True
sensor_2,2025-11-30T18:06:42.773756,65.23001359580267,31.6,49.0,1.36,False
sensor_3,2025-11-30T18:06:42.776741,43.126018542684754,14.4,34.1,0.36,False
sensor_3,2025-11-30T18:06:43.335861,49.80708890318647,27.0,55.8,0.0,False
sensor_2,2025-11-30T18:06:43.717120,39.04032281332281,22.7,52.4,1.1,False
sensor_1,2025-11-30T18:06:43.826760,58.45031642493838,28.7,70.9,0.03,False
sensor_3,2025-11-30T18:06:44.581757,40.73194601098474,24.1,59.1,0.57,False
sensor_1,2025-11-30T18:06:44.675262,45.091787922948555,16.7,81.2,0.59,False
sensor_2,2025-11-30T18:06:45.095020,46.35066690879106,28.2,41.4,0.51,False
sensor_1,2025-11-30T18:06:45.903873,9.126416401084043,25.5,36.0,0.34,True
sensor_3,2025-11-30T18:06:45.934888,41.233116790056975,25.4,31.4,0.0,False
sensor_2,2025-11-30T18:06:46.100954,47.12443114424102,20.9,30.4,0.08,False
sensor_1,2025-11-30T18:06:46.440186,63.15887734638599,19.4,70.2,0.21,False
sensor_3,2025-11-30T18:06:47.086662,44.523454092655996,22.7,76.4,0.15,False
sensor_2,2025-11-30T18:06:47.285777,48.24076370798222,28.7,57.8,0.28,False
sensor_1,2025-11-30T18:06:47.486161,29.592030123124125,29.3,76.3,0.03,True
sensor_2,2025-11-30T18:06:47.956298,49.133177267792554,15.4,45.1,0.62,False
sensor_3,2025-11-30T18:06:48.015557,29.927076710383528,22.6,54.1,0.0,True
sensor_2,2025-11-30T18:06:48.649905,38.15218740647939,24.8,47.0,0.32,False
sensor_3,2025-11-30T18:06:48.664767,37.30006645982456,24.5,68.3,0.26,False
sensor_1,2025-11-30T18:06:48.863730,26.835554523927076,26.8,36.3,0.09,True
sensor_3,2025-11-30T18:06:49.433536,22.51671534541975,24.0,68.0,0.0,True
sensor_2,2025-11-30T18:06:49.717163,12.18543089103622,22.9,53.2,0.0,True
sensor_1,2025-11-30T18:06:49.722899,62.42618158820271,26.2,55.6,1.38,False
sensor_1,2025-11-30T18:06:50.441170,70.9128466871883,24.6,66.2,0.97,False
sensor_3,2025-11-30T18:06:50.499885,22.342351292225906,29.6,41.6,0.33,True
sensor_1,2025-11-30T18:06:50.997575,42.52553622821471,26.6,42.1,0.12,False
sensor_2,2025-11-30T18:06:51.206738,23.607395349520985,25.6,70.2,0.0,True
sensor_3,2025-11-30T18:06:51.768809,22.07423199126054,26.3,75.4,0.11,True
sensor_2,2025-11-30T18:06:52.192718,25.89024738000069,22.0,43.6,0.71,False
sensor_1,2025-11-30T18:06:52.426007,48.43037154447311,21.9,59.7,0.78,False
sensor_3,2025-11-30T18:06:52.470166,35.0900880890035,19.6,63.9,0.92,False
sensor_2,2025-11-30T18:06:53.263299,58.23231679452205,30.1,48.4,0.0,False
sensor_3,2025-11-30T18:06:53.474309,50.93223687047537,20.6,78.1,0.77,False
sensor_1,2025-11-30T18:06:53.635412,51.234542033427736,26.7,59.8,0.0,False
sensor_2,2025-11-30T18:06:54.176651,16.76359706966918,20.0,76.5,0.34,True
sensor_1,2025-11-30T18:06:54.245027,29.287948417231846,23.5,46.5,0.01,True
sensor_3,2025-11-30T18:06:54.262522,40.9536084940514,26.8,36.2,1.18,False
sensor_2,2025-11-30T18:06:55.234458,37.13426288549888,28.2,55.3,0.91,False
sensor_3,2025-11-30T18:06:55.248085,45.26313217463832,26.3,32.8,0.0,False
sensor_1,2025-11-30T18:06:55.689118,45.62905141778569,20.5,81.9,0.0,False
sensor_3,2025-11-30T18:06:56.555044,52.19844826819639,29.0,56.4,0.03,False
sensor_2,2025-11-30T18:06:56.618847,48.57403428106053,26.5,48.2,0.0,False
sensor_1,2025-11-30T18:06:56.879842,36.03912461911278,31.6,59.7,0.0,False
sensor_1,2025-11-30T18:06:57.629456,39.710664387009125,29.2,84.5,0.0,False
sensor_3,2025-11-30T18:06:57.999416,47.27422600711505,29.7,68.1,0.0,False
sensor_2,2025-11-30T18:06:58.108590,42.97614510655263,25.6,44.3,0.52,False
sensor_3,2025-11-30T18:06:58.702460,30.49995488028084,27.4,41.6,0.0,False
sensor_2,2025-11-30T18:06:58.735013,32.87335310429521,27.2,86.8,1.66,False
sensor_1,2025-11-30T18:06:58.927136,44.52767148106786,20.7,72.2,0.44,False
sensor_1,2025-11-30T18:06:59.614030,49.74923343444301,20.1,35.4,0.0,False
sensor_3,2025-11-30T18:06:59.628136,23.25707462852952,25.3,74.2,0.23,True
sensor_2,2025-11-30T18:06:59.751283,34.83463989063432,20.5,71.7,0.0,False
sensor_2,2025-11-30T18:07:00.300580,42.72150435541704,31.9,57.8,0.15,False
sensor_1,2025-11-30T18:07:00.884536,36.54457239788677,26.3,54.1,0.55,False
sensor_3,2025-11-30T18:07:00.956376,41.130684163578835,24.8,58.2,1.03,False
sensor_2,2025-11-30T18:07:01.311360,39.71886487954923,24.7,33.7,0.58,False
sensor_3,2025-11-30T18:07:01.507975,45.04994999106506,22.1,65.8,0.0,False
sensor_2,2025-11-30T18:07:01.875758,40.76554510834491,26.2,39.5,0.14,False
sensor_3,2025-11-30T18:07:02.161896,46.04569339998247,27.1,79.8,1.34,False
sensor_1,2025-11-30T18:07:02.346317,46.39322051131808,16.4,88.1,0.0,False
sensor_2,2025-11-30T18:07:02.649872,43.64291383774578,21.1,30.2,0.88,False
sensor_1,2025-11-30T18:07:02.992418,42.81431686698339,30.1,57.5,0.0,False
sensor_3,2025-11-30T18:07:03.092040,60.221388849505615,19.6,57.0,0.15,False
sensor_2,2025-11-30T18:07:03.259795,27.505243788426235,22.3,82.0,0.68,False
sensor_1,2025-11-30T18:07:04.016756,31.256589396025205,20.1,73.3,0.47,False
sensor_3,2025-11-30T18:07:04.267304,32.17327558076627,26.4,65.1,1.43,False
sensor_2,2025-11-30T18:07:04.407716,32.296837044261636,19.1,71.7,0.52,False
sensor_3,2025-11-30T18:07:05.178210,18.74630752525061,27.0,44.7,0.0,True
sensor_1,2025-11-30T18:07:05.187358,32.94547376572773,24.0,52.5,0.0,False
sensor_2,2025-11-30T18:07:05.609375,7.632793635007452,26.8,62.0,0.18,True
sensor_1,2025-11-30T18:07:05.758578,30.11615193818833,25.9,82.8,0.09,False
sensor_3,2025-11-30T18:07:05.793973,22.36244325764247,18.7,81.4,0.0,True
sensor_2,2025-11-30T18:07:06.207309,26.178860909801415,18.8,54.3,1.12,False
sensor_3,2025-11-30T18:07:06.677116,72.88239643393128,32.8,46.5,0.0,False
sensor_2,2025-11-30T18:07:06.802575,55.23635137256258,27.2,46.5,0.22,False
sensor_1,2025-11-30T18:07:07.196714,31.632681245936244,26.8,82.7,0.0,False
sensor_3,2025-11-30T18:07:07.630729,63.26950381366574,28.8,55.4,0.79,False
sensor_2,2025-11-30T18:07:07.853140,46.574401208929764,25.5,64.4,0.0,False
sensor_1,2025-11-30T18:07:07.937280,48.95362466107686,31.6,63.2,0.0,False
sensor_3,2025-11-30T18:07:08.419184,50.563942725535036,30.5,43.1,0.0,False
sensor_2,2025-11-30T18:07:09.031389,31.428049253780713,30.2,59.2,0.12,False
sensor_1,2025-11-30T18:07:09.086185,30.908502382316783,23.4,32.9,0.0,False
sensor_3,2025-11-30T18:07:09.874341,30.956218941860975,33.9,79.0,0.0,False
sensor_2,2025-11-30T18:07:09.975683,50.36733430316712,26.3,36.6,0.0,False
sensor_1,2025-11-30T18:07:10.538187,19.616200664140166,22.4,85.9,0.0,True
sensor_2,2025-11-30T18:07:10.598552,62.248243773215606,22.7,71.3,0.0,False
sensor_1,2025-11-30T18:07:11.046158,14.159705242417566,21.1,52.6,0.0,True
sensor_3,2025-11-30T18:07:11.214876,37.74481773579036,35.5,87.7,0.0,False
sensor_1,2025-11-30T18:07:11.588001,43.304429237727554,30.8,34.4,0.0,False
sensor_2,2025-11-30T18:07:11.904222,78.91381480866374,29.7,89.9,0.34,False
sensor_3,2025-11-30T18:07:12.431653,41.145123016072176,25.2,42.9,1.33,False
sensor_1,2025-11-30T18:07:12.763500,34.444008365777975,28.2,37.6,0.02,False
sensor_2,2025-11-30T18:07:13.260775,50.47209686315546,22.5,61.9,0.0,False
sensor_1,2025-11-30T18:07:13.574096,63.69007184046751,31.3,61.3,0.24,False
sensor_3,2025-11-30T18:07:13.751024,16.14075210545133,26.9,43.1,0.43,True
sensor_2,2025-11-30T18:07:14.099568,25.974254852942877,20.2,63.8,0.4,True
sensor_1,2025-11-30T18:07:14.227176,45.26517639180885,26.9,33.4,0.39,False
sensor_3,2025-11-30T18:07:14.758755,51.634796990203064,17.0,78.3,0.49,False
sensor_1,2025-11-30T18:07:15.489446,49.54332268809495,28.2,59.5,0.0,False
sensor_3,2025-11-30T18:07:15.525596,33.29390466766204,18.9,68.4,0.0,False
sensor_2,2025-11-30T18:07:15.541281,31.252786114575816,28.7,78.7,0.42,False
sensor_2,2025-11-30T18:07:16.082221,62.19053767612798,18.1,40.6,1.24,False
sensor_3,2025-11-30T18:07:16.337943,63.971324584574525,32.7,61.9,0.29,False
sensor_1,2025-11-30T18:07:16.348129,59.51930351405932,19.5,60.5,0.06,False
sensor_1,2025-11-30T18:07:16.858149,49.71601341488267,29.7,72.4,0.49,False
sensor_2,2025-11-30T18:07:17.192603,29.307045924410403,33.7,62.6,0.0,True
sensor_1,2025-11-30T18:07:17.397696,47.38553745323537,25.4,34.4,0.02,False
sensor_3,2025-11-30T18:07:17.729362,28.514510059291,29.4,71.4,0.44,True
sensor_1,2025-11-30T18:07:17.930849,58.68477706232804,31.9,80.4,0.56,False
sensor_2,2025-11-30T18:07:18.406866,19.62984340538958,22.0,70.9,0.57,False
sensor_1,2025-11-30T18:07:18.805285,35.67386905831771,19.9,47.8,0.66,False
sensor_3,2025-11-30T18:07:18.816707,27.024142751129062,28.4,89.6,0.74,False
sensor_2,2025-11-30T18:07:19.032530,17.55321665191446,22.0,49.5,0.0,True
sensor_3,2025-11-30T18:07:19.886137,36.2020390050254,21.6,39.4,0.13,False
sensor_1,2025-11-30T18:07:19.915726,57.58157905658028,21.3,66.5,0.01,False
sensor_2,2025-11-30T18:07:20.440858,32.382478922215995,18.9,54.6,0.0,False
sensor_1,2025-11-30T18:07:20.477766,37.4933686623478,23.5,44.2,0.38,False
sensor_3,2025-11-30T18:07:20.877600,12.033129791284644,35.3,77.5,0.39,True
sensor_1,2025-11-30T18:07:21.592821,27.661558395256314,21.9,64.8,1.02,False
sensor_3,2025-11-30T18:07:21.851716,34.346882558239855,20.5,44.6,0.47,False
sensor_2,2025-11-30T18:07:21.922322,39.61725005037506,22.8,63.3,0.0,False
sensor_1,2025-11-30T18:07:22.434924,41.58784425256634,26.2,68.7,0.01,False
sensor_3,2025-11-30T18:07:22.966653,44.03400405397088,24.7,61.1,0.01,False
sensor_2,2025-11-30T18:07:23.267819,54.13467527083807,34.6,37.6,1.55,False
sensor_1,2025-11-30T18:07:23.293935,69.8995650126501,34.2,75.8,1.14,False
sensor_3,2025-11-30T18:07:23.533348,36.961025021643096,24.1,33.6,0.0,False
sensor_2,2025-11-30T18:07:23.905520,34.89684027934642,23.7,89.0,0.29,False
sensor_3,2025-11-30T18:07:24.198846,42.74384293565684,21.5,87.2,0.88,False
sensor_1,2025-11-30T18:07:24.691755,50.71151387665334,26.4,72.2,0.71,False
sensor_2,2025-11-30T18:07:24.803335,43.27244123608388,32.3,75.0,0.28,False
sensor_1,2025-11-30T18:07:25.460574,30.7542910578201,27.4,74.3,0.95,False
sensor_3,2025-11-30T18:07:25.621493,38.011068106385096,27.7,58.0,0.0,False
sensor_2,2025-11-30T18:07:25.958372,40.04887689788778,34.0,65.9,0.46,False
sensor_1,2025-11-30T18:07:26.200342,33.078938824404716,26.0,37.6,1.06,False
sensor_3,2025-11-30T18:07:26.217903,29.850761971881568,25.9,46.4,0.93,False
sensor_2,2025-11-30T18:07:26.643694,7.840635498421243,27.2,47.2,0.0,True
sensor_1,2025-11-30T18:07:27.463175,36.562531525200775,27.4,43.1,0.42,False
sensor_3,2025-11-30T18:07:27.472455,31.738745438519906,21.6,45.6,0.0,False
sensor_2,2025-11-30T18:07:27.730182,43.59805413413535,24.1,60.0,0.17,False
sensor_3,2025-11-30T18:07:28.260287,55.09148895556507,21.4,67.6,0.2,False
sensor_1,2025-11-30T18:07:28.567066,75.49699702763479,28.1,76.2,0.34,False
sensor_2,2025-11-30T18:07:28.710164,36.71549799234121,23.4,54.9,0.92,False
sensor_1,2025-11-30T18:07:29.529054,41.542287460012176,28.2,47.8,0.25,False
sensor_3,2025-11-30T18:07:29.679283,36.2927313448065,25.2,67.1,0.0,False
sensor_2,2025-11-30T18:07:29.755504,54.23675246923881,24.0,87.1,0.0,False
sensor_1,2025-11-30T18:07:30.064712,42.3690593984458,21.0,85.1,0.36,False
sensor_2,2025-11-30T18:07:30.451835,24.922377328124263,24.4,86.3,0.03,True
sensor_1,2025-11-30T18:07:30.815665,37.562386241350964,19.2,31.6,0.0,False
sensor_3,2025-11-30T18:07:31.154948,26.282960092209127,26.6,70.8,1.29,False
sensor_2,2025-11-30T18:07:31.569100,37.57570866320425,26.7,35.1,0.0,False
sensor_1,2025-11-30T18:07:32.170757,55.70463112901442,18.1,64.3,0.0,False
sensor_3,2025-11-30T18:07:32.357108,42.43220325026511,27.4,50.0,1.13,False
sensor_2,2025-11-30T18:07:32.479467,67.76344523233507,29.6,79.2,0.61,False
sensor_2,2025-11-30T18:07:33.019255,43.16249605088031,27.9,69.3,0.18,False
sensor_1,2025-11-30T18:07:33.289876,59.13526739992054,26.9,59.3,0.78,False
sensor_3,2025-11-30T18:07:33.678741,56.00570164523773,25.9,52.1,1.32,False
sensor_2,2025-11-30T18:07:34.439867,34.29311644546618,26.4,64.1,0.0,False
sensor_3,2025-11-30T18:07:34.550081,19.37024549802318,30.8,83.9,0.51,False
sensor_1,2025-11-30T18:07:34.717292,54.80952751769787,34.2,55.3,0.0,False
sensor_3,2025-11-30T18:07:35.053045,21.54766023153616,30.1,30.1,0.0,True
sensor_2,2025-11-30T18:07:35.623128,59.7967031711346,28.4,37.2,0.0,False
sensor_1,2025-11-30T18:07:35.740917,54.651951587300026,34.8,34.1,0.0,False
sensor_3,2025-11-30T18:07:36.132056,30.34566860223675,22.4,36.0,0.0,False
sensor_2,2025-11-30T18:07:36.227202,42.7741202798621,29.4,43.0,0.37,False
sensor_3,2025-11-30T18:07:36.644236,51.74941931948084,20.2,47.9,0.25,False
sensor_1,2025-11-30T18:07:36.785474,26.074219465341486,27.5,82.0,0.18,True
sensor_2,2025-11-30T18:07:36.951190,65.70611138373232,22.8,72.1,0.37,False
sensor_3,2025-11-30T18:07:37.468847,21.60597416202404,17.2,56.3,0.0,True
sensor_1,2025-11-30T18:07:38.010802,36.99834058713858,25.6,84.7,0.0,False
sensor_2,2025-11-30T18:07:38.190161,13.276655474739094,16.6,69.7,0.71,False
sensor_1,2025-11-30T18:07:38.540424,57.511438029612826,12.9,83.2,0.09,False
sensor_3,2025-11-30T18:07:38.925949,47.955418953086344,18.0,51.4,2.37,False
sensor_1,2025-11-30T18:07:39.148417,38.355453792762994,21.8,87.0,0.0,False
sensor_3,2025-11-30T18:07:39.491314,33.26907584221175,23.9,60.0,0.0,False
sensor_2,2025-11-30T18:07:39.491829,27.453374584459677,23.5,50.0,0.44,True
sensor_1,2025-11-30T18:07:40.335732,38.066345497924104,24.5,40.4,0.35,False
sensor_3,2025-11-30T18:07:40.578695,71.29728128726279,30.0,52.9,0.0,False
sensor_2,2025-11-30T18:07:40.706091,36.21894970424748,25.9,33.0,0.0,False
sensor_1,2025-11-30T18:07:41.492290,41.15066266055868,23.0,87.3,0.0,False
sensor_2,2025-11-30T18:07:41.510345,49.14450433006309,29.7,49.9,0.18,False
sensor_3,2025-11-30T18:07:41.755604,2.255767884474608,27.1,71.6,0.88,False
sensor_2,2025-11-30T18:07:42.814963,48.61671739669097,22.7,56.9,0.0,False
sensor_3,2025-11-30T18:07:42.845813,30.307911721178787,30.3,54.5,0.25,False
sensor_1,2025-11-30T18:07:42.982485,25.67583950457267,22.9,76.0,0.01,True
sensor_1,2025-11-30T18:07:43.577788,27.851695708650325,20.4,54.2,0.0,True
sensor_3,2025-11-30T18:07:43.899805,48.58749186397985,16.8,51.0,0.87,False
sensor_2,2025-11-30T18:07:44.221072,60.32046269975396,20.8,78.6,0.0,False
sensor_2,2025-11-30T18:07:44.791702,25.070734316953647,23.3,73.3,0.0,True
sensor_3,2025-11-30T18:07:44.866941,18.137460006254322,28.7,49.8,0.0,True
sensor_1,2025-11-30T18:07:44.978048,33.774111950100355,25.6,58.1,0.88,False
sensor_2,2025-11-30T18:07:45.350983,35.90994656766819,27.5,85.1,0.31,False
sensor_3,2025-11-30T18:07:45.559470,5.040172852501556,30.7,54.5,0.0,True
sensor_1,2025-11-30T18:07:45.680902,29.345168695735726,38.4,87.7,1.08,False
sensor_1,2025-11-30T18:07:46.192929,56.10025963549681,31.0,69.5,0.74,False
sensor_3,2025-11-30T18:07:46.290875,65.18728847273047,23.3,40.9,0.05,False
sensor_1,2025-11-30T18:07:46.700978,45.557297885085575,27.2,35.6,0.08,False
sensor_2,2025-11-30T18:07:46.787106,11.391449219078382,33.7,57.4,0.94,False
sensor_3,2025-11-30T18:07:46.862766,54.969865721114886,34.5,39.6,0.0,False
sensor_3,2025-11-30T18:07:47.558509,22.672706195855145,17.1,86.5,0.0,True
sensor_1,2025-11-30T18:07:47.834564,23.511377686568398,24.2,33.2,0.26,True
sensor_2,2025-11-30T18:07:48.120366,55.92737261304934,17.1,44.8,0.05,False
sensor_2,2025-11-30T18:07:48.756468,39.96730352862512,26.8,58.8,0.0,False
sensor_3,2025-11-30T18:07:48.927141,18.821171292600077,19.9,52.9,0.65,False
sensor_1,2025-11-30T18:07:49.039288,45.82245538734321,13.5,50.3,1.15,False
sensor_3,2025-11-30T18:07:50.021449,62.121125355651195,22.5,43.5,0.74,False
sensor_2,2025-11-30T18:07:50.226133,26.04337375357057,26.0,38.6,0.89,False
sensor_1,2025-11-30T18:07:50.394495,53.030813106624514,26.9,84.6,0.0,False
sensor_2,2025-11-30T18:07:50.754798,57.96334819594341,28.7,46.0,0.0,False
sensor_3,2025-11-30T18:07:50.998257,49.09366959620456,19.0,61.2,0.0,False
sensor_1,2025-11-30T18:07:51.579793,28.000252677465255,24.6,68.3,0.01,True
sensor_1,2025-11-30T18:07:52.187328,22.980563476327347,15.7,46.2,0.52,False
sensor_2,2025-11-30T18:07:52.196910,35.489712076158746,22.3,36.1,0.0,False
sensor_3,2025-11-30T18:07:52.452998,61.708282117143945,29.1,65.0,0.6,False
sensor_3,2025-11-30T18:07:52.973104,52.72177711236794,24.6,64.8,0.0,False
sensor_1,2025-11-30T18:07:53.078613,17.45397938733648,16.5,44.7,0.89,False
sensor_3,2025-11-30T18:07:53.504538,39.35291891922711,38.6,40.2,0.24,False
sensor_2,2025-11-30T18:07:53.598189,38.058319695727214,24.3,34.9,0.9,False
sensor_1,2025-11-30T18:07:53.958506,41.05744439821383,26.1,30.1,1.2,False
sensor_3,2025-11-30T18:07:54.253414,58.6323932352757,23.0,60.9,0.39,False
sensor_2,2025-11-30T18:07:54.590279,24.348572393187098,29.1,59.1,0.0,True
sensor_3,2025-11-30T18:07:55.089431,26.48201273969231,23.8,34.8,0.0,True
sensor_1,2025-11-30T18:07:55.098578,47.70177869387265,25.6,31.8,0.03,False
sensor_2,2025-11-30T18:07:55.230020,24.2610969607097,22.7,38.4,0.0,True
sensor_2,2025-11-30T18:07:55.891307,60.63365668196094,27.0,68.7,0.84,False
sensor_1,2025-11-30T18:07:56.380156,36.65961144690273,24.9,40.5,1.32,False
sensor_3,2025-11-30T18:07:56.538704,32.92345935931727,17.5,74.0,0.0,False
sensor_2,2025-11-30T18:07:56.628203,48.95550019753392,19.2,37.5,0.77,False
sensor_3,2025-11-30T18:07:57.563009,33.54750255360745,20.0,34.7,0.0,False
sensor_1,2025-11-30T18:07:57.634611,57.424902499517714,24.0,46.0,0.74,False
sensor_2,2025-11-30T18:07:57.963317,47.885664536717165,35.6,42.9,0.0,False
sensor_3,2025-11-30T18:07:58.346307,33.859510250485194,34.1,69.5,0.98,False
sensor_1,2025-11-30T18:07:58.410606,48.38786167391669,18.6,46.6,0.0,False
sensor_1,2025-11-30T18:07:59.111486,36.478494881214864,32.6,34.9,0.0,False
sensor_2,2025-11-30T18:07:59.243814,32.04205995298478,19.1,50.6,0.0,False
sensor_3,2025-11-30T18:07:59.633787,41.31334174678211,25.8,62.4,0.82,False
sensor_1,2025-11-30T18:08:00.077463,11.104857573854265,26.9,71.3,0.39,True
sensor_2,2025-11-30T18:08:00.593995,48.819366530087315,24.8,44.4,0.0,False
sensor_3,2025-11-30T18:08:00.926154,17.881882610306537,29.3,88.7,0.34,True
sensor_1,2025-11-30T18:08:01.209780,51.70732002742993,25.3,30.2,0.0,False
sensor_2,2025-11-30T18:08:01.682369,43.575482293472895,28.7,84.1,0.0,False
sensor_3,2025-11-30T18:08:01.925902,21.694572539150155,31.7,78.5,0.45,True
sensor_1,2025-11-30T18:08:02.421112,63.81103998084406,20.9,65.3,0.0,False
sensor_3,2025-11-30T18:08:02.811437,39.057961978395056,22.0,40.7,0.85,False
sensor_2,2025-11-30T18:08:03.152993,23.627949906278662,23.8,87.0,0.0,True
sensor_1,2025-11-30T18:08:03.317007,50.661696976743016,22.0,49.9,0.15,False
sensor_3,2025-11-30T18:08:03.550685,17.21262741535816,26.3,48.2,0.42,True
sensor_1,2025-11-30T18:08:03.948847,26.233002787985946,27.8,84.0,0.69,False
sensor_2,2025-11-30T18:08:04.027107,19.661539954014934,28.6,32.8,0.66,False
sensor_3,2025-11-30T18:08:04.871869,34.4851552271097,23.1,71.0,0.0,False
sensor_2,2025-11-30T18:08:05.133409,34.19069183583017,28.1,59.7,0.38,False
sensor_1,2025-11-30T18:08:05.241407,72.35974347107658,28.7,67.4,0.87,False
sensor_3,2025-11-30T18:08:05.444884,27.313106321181458,23.7,38.2,0.19,True
sensor_1,2025-11-30T18:08:05.843382,41.87433817829706,30.8,87.2,0.72,False
sensor_1,2025-11-30T18:08:06.377872,63.50667013259079,17.7,51.2,0.13,False
sensor_2,2025-11-30T18:08:06.399932,36.775434817341775,27.0,74.6,0.92,False
sensor_3,2025-11-30T18:08:06.660091,67.4043102507424,22.5,41.2,0.0,False
sensor_3,2025-11-30T18:08:07.406331,49.40318047903826,28.4,54.7,0.0,False
sensor_2,2025-11-30T18:08:07.490124,43.867000692632345,28.7,77.8,0.71,False
sensor_1,2025-11-30T18:08:07.812364,30.878722562099064,24.6,66.1,0.0,False
sensor_2,2025-11-30T18:08:08.235693,44.524743388679184,25.6,42.7,0.26,False
sensor_3,2025-11-30T18:08:08.405236,30.343268011587625,19.0,82.4,0.0,False
sensor_1,2025-11-30T18:08:08.735891,31.020360219394,30.9,41.3,0.26,False
sensor_3,2025-11-30T18:08:08.926570,34.04810193869489,27.6,32.1,0.0,False
sensor_2,2025-11-30T18:08:09.569813,58.29525190367188,27.1,40.5,0.31,False
sensor_3,2025-11-30T18:08:09.932374,40.59508995859766,34.2,42.0,0.55,False
sensor_1,2025-11-30T18:08:10.017824,4.367854757572346,24.5,32.5,0.3,True
sensor_2,2025-11-30T18:08:10.287591,21.812964113989302,20.5,78.7,0.0,True
sensor_3,2025-11-30T18:08:10.769280,26.98253895170935,32.6,34.2,0.0,True
sensor_1,2025-11-30T18:08:11.408046,27.632654715830164,25.0,79.4,0.82,False
sensor_2,2025-11-30T18:08:11.743916,32.203923141275034,22.7,49.3,0.74,False
sensor_3,2025-11-30T18:08:11.857320,36.9198482071381,22.6,30.6,0.0,False
sensor_2,2025-11-30T18:08:12.276815,33.38102157130582,26.8,58.7,0.04,False
sensor_1,2025-11-30T18:08:12.492424,35.54462768555815,22.6,56.7,0.44,False
sensor_3,2025-11-30T18:08:12.550460,27.78893374145749,13.0,38.8,0.0,True
sensor_1,2025-11-30T18:08:13.064824,25.023922283860763,22.8,53.0,0.14,True
sensor_2,2025-11-30T18:08:13.721132,37.89937676710522,25.7,47.2,0.63,False
sensor_3,2025-11-30T18:08:13.959746,49.23101443310477,21.8,86.4,0.37,False
sensor_1,2025-11-30T18:08:14.249685,11.620569626281757,24.4,73.7,0.25,True
sensor_2,2025-11-30T18:08:14.545951,15.574920781446224,30.6,87.7,0.0,True
sensor_3,2025-11-30T18:08:14.584122,35.10473814357201,27.3,81.0,0.0,False
sensor_2,2025-11-30T18:08:15.295115,57.24301725478305,10.5,51.0,0.63,False
sensor_1,2025-11-30T18:08:15.400383,53.88016212670247,32.5,87.9,0.72,False
sensor_3,2025-11-30T18:08:16.028104,37.72095976952717,21.2,48.7,0.6,False
sensor_1,2025-11-30T18:08:16.243635,35.12574526170442,24.6,83.5,0.0,False
sensor_2,2025-11-30T18:08:16.421208,46.39434940512047,32.8,70.4,0.23,False
sensor_3,2025-11-30T18:08:16.780421,43.59615093137664,25.8,41.1,0.31,False
sensor_2,2025-11-30T18:08:17.078993,25.21758926838865,22.5,73.9,0.04,True
sensor_3,2025-11-30T18:08:17.291183,45.965374673877534,23.9,43.5,0.85,False
sensor_1,2025-11-30T18:08:17.464505,51.64692543018744,27.3,60.9,0.25,False
sensor_2,2025-11-30T18:08:17.862180,59.68802680280908,19.4,47.4,0.33,False
sensor_1,2025-11-30T18:08:18.101989,24.23267675458556,25.8,79.1,0.73,False
sensor_3,2025-11-30T18:08:18.173927,58.46728689463066,30.5,84.8,1.1,False
sensor_2,2025-11-30T18:08:18.428317,36.12243416896469,27.6,84.4,0.35,False
sensor_1,2025-11-30T18:08:18.721301,15.69143258751658,25.8,87.1,0.0,True
sensor_2,2025-11-30T18:08:19.552567,35.486470943864674,32.4,54.6,0.6,False
sensor_3,2025-11-30T18:08:19.594112,29.271063471529914,23.6,70.5,0.57,False
sensor_1,2025-11-30T18:08:19.623413,33.568182483920246,14.9,53.8,0.0,False
sensor_3,2025-11-30T18:08:20.297988,34.27023351068907,28.3,68.3,0.44,False
sensor_2,2025-11-30T18:08:20.325995,22.098903422438685,31.6,66.9,0.87,False
sensor_1,2025-11-30T18:08:20.510989,41.6277169800338,21.9,70.8,0.11,False
sensor_3,2025-11-30T18:08:21.346864,39.79130176215592,30.3,86.3,0.05,False
sensor_2,2025-11-30T18:08:21.627420,37.37650864957892,21.8,66.3,0.72,False
sensor_1,2025-11-30T18:08:21.944220,14.554026029307952,24.5,71.6,0.7,False
sensor_2,2025-11-30T18:08:22.715920,30.498614429389853,18.4,62.9,0.37,False
sensor_3,2025-11-30T18:08:22.812483,23.184449135756374,17.7,74.8,0.0,True
sensor_1,2025-11-30T18:08:22.962481,36.9932104633803,18.9,70.4,0.0,False
sensor_2,2025-11-30T18:08:23.592959,8.030472205338942,24.0,31.1,0.56,False
sensor_3,2025-11-30T18:08:23.828040,49.7291465255941,27.4,60.9,1.27,False
sensor_1,2025-11-30T18:08:24.372217,34.06438285626993,21.6,47.6,0.0,False
sensor_2,2025-11-30T18:08:24.494502,50.415693116773525,19.3,61.2,0.0,False
sensor_3,2025-11-30T18:08:24.655938,30.986465939862093,27.4,61.6,0.21,False
sensor_2,2025-11-30T18:08:25.025541,71.00893706830632,30.9,86.6,0.29,False
sensor_1,2025-11-30T18:08:25.261193,42.239075883857694,24.3,37.7,0.26,False
sensor_3,2025-11-30T18:08:25.768697,36.273872722016144,28.8,52.9,0.0,False
sensor_2,2025-11-30T18:08:26.028039,11.025427280506698,20.0,62.3,0.65,False
sensor_1,2025-11-30T18:08:26.345964,55.39243680789977,22.6,74.2,0.59,False
sensor_3,2025-11-30T18:08:26.520260,54.43585012422858,31.6,86.0,0.0,False
sensor_2,2025-11-30T18:08:26.627961,21.958580370678792,23.1,35.3,0.85,False
sensor_3,2025-11-30T18:08:27.618468,30.924464644917265,19.4,46.7,0.61,False
sensor_1,2025-11-30T18:08:27.818119,36.694338392125175,19.7,54.9,0.0,False
sensor_2,2025-11-30T18:08:28.053587,43.93210216624734,27.6,35.4,0.23,False
sensor_3,2025-11-30T18:08:28.209328,49.75736230111273,31.2,54.1,0.1,False
sensor_1,2025-11-30T18:08:28.457678,29.40358200248034,28.3,54.5,0.0,True
sensor_2,2025-11-30T18:08:29.142797,52.537655986107325,16.8,48.9,0.94,False
sensor_3,2025-11-30T18:08:29.664937,48.3491026503863,28.4,46.4,0.0,False
sensor_1,2025-11-30T18:08:29.793814,0.0,26.6,66.7,0.47,True
sensor_2,2025-11-30T18:08:29.839750,35.1665388064275,22.0,42.1,0.69,False
sensor_3,2025-11-30T18:08:30.540258,62.1598317926227,30.2,64.7,0.24,False
sensor_2,2025-11-30T18:08:30.735125,27.96152201425869,25.9,78.0,0.82,False
sensor_1,2025-11-30T18:08:31.232504,44.17969399988357,21.8,61.5,0.2,False
sensor_2,2025-11-30T18:08:31.591453,39.241306320852296,30.3,63.7,1.45,False
sensor_3,2025-11-30T18:08:31.853019,53.810358530558645,24.5,46.9,0.67,False
sensor_1,2025-11-30T18:08:32.014595,30.59069068630125,28.7,89.9,0.0,False
sensor_2,2025-11-30T18:08:32.672996,54.98155122257574,33.8,67.4,0.0,False
sensor_2,2025-11-30T18:08:33.224590,32.71903208590875,30.2,31.8,0.2,False
sensor_3,2025-11-30T18:08:33.344127,50.29714179556121,27.8,83.2,0.0,False
sensor_1,2025-11-30T18:08:33.354126,44.69471363005279,25.1,50.1,0.85,False
sensor_2,2025-11-30T18:08:33.825238,28.725830896295385,32.4,77.8,0.02,True
sensor_1,2025-11-30T18:08:34.297004,43.85717403024183,26.6,71.6,0.64,False
sensor_3,2025-11-30T18:08:34.476886,35.48038907518636,26.2,71.9,0.96,False
sensor_2,2025-11-30T18:08:34.893249,28.48334177930174,35.7,53.7,0.2,True
sensor_3,2025-11-30T18:08:34.985634,53.829542881115316,26.3,57.9,1.75,False
sensor_1,2025-11-30T18:08:35.596443,37.23675497724045,25.5,53.4,1.17,False
sensor_3,2025-11-30T18:08:35.998163,41.19705215311431,22.5,46.8,0.83,False
sensor_2,2025-11-30T18:08:36.006349,34.37720048301884,15.0,67.8,0.0,False
sensor_1,2025-11-30T18:08:36.581042,13.696927857432648,18.3,70.8,0.0,True
sensor_2,2025-11-30T18:08:37.251021,14.059739564717319,28.1,38.1,0.46,True
sensor_3,2025-11-30T18:08:37.417658,37.17262399919684,24.2,40.0,0.37,False
sensor_1,2025-11-30T18:08:37.437245,43.437652825392604,13.8,37.5,1.36,False
sensor_1,2025-11-30T18:08:38.293088,62.159740745768815,32.5,72.1,0.0,False
sensor_3,2025-11-30T18:08:38.542158,34.068272366315156,26.4,69.7,0.0,False
sensor_2,2025-11-30T18:08:38.562521,61.12434818534806,27.5,46.7,0.0,False
sensor_2,2025-11-30T18:08:39.343766,36.111627539205614,23.7,66.9,0.0,False
sensor_1,2025-11-30T18:08:39.476611,25.813832109594436,26.4,36.7,0.9,False
sensor_3,2025-11-30T18:08:39.977948,70.66795994795842,15.9,88.4,0.71,False
sensor_1,2025-11-30T18:08:39.998651,48.75496012474431,17.7,31.7,0.24,False
sensor_2,2025-11-30T18:08:40.430728,65.36524725850296,18.0,71.7,0.37,False
sensor_3,2025-11-30T18:08:41.015811,32.78755651908586,27.1,71.9,0.0,False
sensor_1,2025-11-30T18:08:41.224985,23.972459877014895,25.5,59.5,0.29,True
sensor_2,2025-11-30T18:08:41.300518,11.552157786561398,36.5,65.7,0.0,True
sensor_1,2025-11-30T18:08:41.873107,58.34623612658148,12.3,38.9,0.01,False
sensor_3,2025-11-30T18:08:42.096205,38.96188958853124,22.7,76.1,1.5,False
sensor_2,2025-11-30T18:08:42.611271,77.61058268980446,20.4,57.1,0.21,False
sensor_3,2025-11-30T18:08:43.259223,43.81351457183776,29.3,45.5,0.49,False
sensor_1,2025-11-30T18:08:43.293105,14.644190434329232,25.3,30.8,0.9,False
sensor_2,2025-11-30T18:08:43.447002,19.93357869263159,17.7,72.8,0.94,False
sensor_2,2025-11-30T18:08:44.340561,59.1173229274506,27.2,89.9,0.95,False
sensor_3,2025-11-30T18:08:44.399022,26.73815505184241,32.0,83.2,0.0,True
sensor_1,2025-11-30T18:08:44.588174,48.36830443949412,30.1,53.7,0.0,False
sensor_1,2025-11-30T18:08:45.251477,34.45510148640072,16.9,34.9,0.0,False
sensor_2,2025-11-30T18:08:45.537640,40.666297019206084,17.1,40.6,1.09,False
sensor_3,2025-11-30T18:08:45.753873,33.79349250114102,20.8,88.2,0.39,False
sensor_1,2025-11-30T18:08:46.215806,29.11501031455645,19.9,68.7,0.9,False
sensor_2,2025-11-30T18:08:46.651637,43.91090079646931,28.1,41.7,1.0,False
sensor_3,2025-11-30T18:08:47.046420,40.590158428925776,33.6,53.9,0.38,False
sensor_1,2025-11-30T18:08:47.122915,35.88280750565707,24.2,84.0,0.0,False
sensor_3,2025-11-30T18:08:47.588428,54.28562372052673,35.8,52.3,0.52,False
sensor_1,2025-11-30T18:08:47.881515,22.29689000108811,29.0,33.4,0.0,True
sensor_2,2025-11-30T18:08:47.893127,46.54638031496874,22.6,51.0,0.77,False
sensor_3,2025-11-30T18:08:48.470429,35.380231329648325,22.2,52.5,0.34,False
sensor_2,2025-11-30T18:08:48.818201,53.585510997331895,22.3,31.7,0.0,False
sensor_1,2025-11-30T18:08:49.218402,53.13025978448685,23.9,57.2,0.71,False
sensor_3,2025-11-30T18:08:49.519380,37.83945522542642,24.8,82.1,0.0,False
sensor_2,2025-11-30T18:08:49.987862,64.33609384933743,27.6,43.1,0.25,False
sensor_1,2025-11-30T18:08:50.657795,71.61462160771282,21.3,38.5,0.0,False
sensor_2,2025-11-30T18:08:50.948849,33.39808494758366,27.4,50.3,0.09,False
sensor_3,2025-11-30T18:08:50.996383,33.00349050392165,27.0,60.8,0.02,False
sensor_1,2025-11-30T18:08:51.239889,56.2680511733293,18.1,41.1,0.19,False
sensor_3,2025-11-30T18:08:51.728559,26.76996360637721,31.2,60.4,0.0,True
sensor_1,2025-11-30T18:08:51.856229,42.62924142236787,30.4,36.7,0.89,False
sensor_2,2025-11-30T18:08:51.864952,53.401090735862304,14.2,47.3,0.16,False
sensor_3,2025-11-30T18:08:52.556141,17.691628521050614,27.3,43.5,0.0,True
sensor_1,2025-11-30T18:08:53.029771,38.195759724484944,25.9,36.6,0.39,False
sensor_2,2025-11-30T18:08:53.162009,25.01270704917684,33.0,66.0,0.26,True
sensor_3,2025-11-30T18:08:53.494565,50.62814963948385,27.9,80.5,0.0,False
sensor_1,2025-11-30T18:08:53.984582,39.889962449467944,29.8,85.5,0.0,False
sensor_3,2025-11-30T18:08:54.202302,58.46258334856753,25.4,67.9,0.0,False
sensor_2,2025-11-30T18:08:54.252375,34.534960707952564,27.4,69.2,0.0,False
sensor_1,2025-11-30T18:08:54.582708,63.83557183953763,17.3,43.2,0.0,False
sensor_2,2025-11-30T18:08:54.839616,43.00341381523632,29.0,44.4,1.14,False
sensor_1,2025-11-30T18:08:55.608618,28.186635695560305,17.3,62.8,0.22,True
sensor_3,2025-11-30T18:08:55.609682,61.791952518903415,30.2,75.2,0.06,False
sensor_2,2025-11-30T18:08:56.148809,53.12728596301409,28.3,40.0,0.16,False
sensor_3,2025-11-30T18:08:56.717258,31.335439164904926,18.6,49.9,0.71,False
sensor_1,2025-11-30T18:08:56.739718,71.7135576157424,21.7,67.6,0.27,False
sensor_2,2025-11-30T18:08:57.548485,38.175639716303714,25.9,37.3,0.55,False
sensor_1,2025-11-30T18:08:57.677438,27.779908359208594,33.6,41.3,1.28,False
sensor_3,2025-11-30T18:08:58.176353,36.09912689107864,30.4,38.2,0.29,False
sensor_2,2025-11-30T18:08:58.375181,54.46492455959394,16.8,84.2,0.89,False
sensor_1,2025-11-30T18:08:58.806611,11.012190201267789,30.7,34.6,0.0,True
sensor_2,2025-11-30T18:08:59.286131,47.84954322581433,25.1,71.3,0.0,False
sensor_3,2025-11-30T18:08:59.364226,37.15042906699314,30.4,62.7,0.58,False
sensor_1,2025-11-30T18:08:59.930650,44.707395995982566,20.1,58.1,0.13,False
sensor_3,2025-11-30T18:09:00.057898,49.93196260366031,31.2,46.5,0.69,False
sensor_2,2025-11-30T18:09:00.298101,47.55816694908552,20.5,83.2,0.95,False
sensor_2,2025-11-30T18:09:01.091302,32.576676447609444,30.7,35.9,0.54,False
sensor_1,2025-11-30T18:09:01.369375,0.0,28.7,65.2,0.0,True
sensor_3,2025-11-30T18:09:01.415419,32.96417432696717,20.8,69.3,0.0,False
sensor_2,2025-11-30T18:09:01.691191,37.73601482681446,21.6,48.2,0.74,False
sensor_3,2025-11-30T18:09:01.981811,66.9331296407473,24.1,79.5,0.28,False
sensor_1,2025-11-30T18:09:02.618959,16.60406141476731,13.3,85.3,0.74,False
sensor_2,2025-11-30T18:09:02.862516,41.47490545606132,31.3,74.0,1.21,False
sensor_3,2025-11-30T18:09:03.031812,34.30402328730169,20.7,57.3,0.62,False
sensor_2,2025-11-30T18:09:03.449345,55.49662544049893,25.4,36.2,0.0,False
sensor_1,2025-11-30T18:09:03.914368,40.284760217303926,32.9,53.9,0.79,False
sensor_3,2025-11-30T18:09:03.973968,44.63930416877613,28.8,43.4,1.49,False
sensor_1,2025-11-30T18:09:04.493607,36.58505202707791,28.0,81.8,0.75,False
sensor_2,2025-11-30T18:09:04.543676,52.057486921965825,35.3,53.7,0.5,False
sensor_1,2025-11-30T18:09:05.373537,62.46430197226315,32.0,34.5,1.22,False
sensor_3,2025-11-30T18:09:05.376529,60.50443960939492,15.9,32.2,0.25,False
sensor_2,2025-11-30T18:09:06.022944,27.31086997050555,20.5,52.7,0.55,False
sensor_1,2025-11-30T18:09:06.100859,13.957674533782146,23.6,68.0,0.29,True
sensor_3,2025-11-30T18:09:06.845251,15.317079479453088,21.1,62.7,0.47,True
sensor_2,2025-11-30T18:09:06.995065,11.56041455749865,38.1,79.9,0.45,True
sensor_1,2025-11-30T18:09:07.570829,14.059363470833642,20.0,71.2,0.43,True
sensor_2,2025-11-30T18:09:07.662071,33.3004817428789,19.6,37.0,0.08,False
sensor_3,2025-11-30T18:09:08.101840,35.45834669915404,28.9,62.0,0.18,False
sensor_1,2025-11-30T18:09:08.245102,68.36147519423493,17.3,53.0,0.0,False
sensor_2,2025-11-30T18:09:08.913289,26.840883568694785,25.1,89.1,0.64,False
sensor_1,2025-11-30T18:09:09.065931,29.98759992187096,17.9,44.1,0.51,False
sensor_3,2025-11-30T18:09:09.096394,30.405922543460804,24.9,40.2,0.0,False
sensor_2,2025-11-30T18:09:09.729116,60.019971446129674,11.1,79.3,0.0,False
sensor_3,2025-11-30T18:09:10.509200,45.298712866509646,20.6,80.1,0.52,False
sensor_1,2025-11-30T18:09:10.524669,41.93751427567565,23.7,87.5,0.41,False
sensor_2,2025-11-30T18:09:10.785830,54.58723432605245,22.9,60.9,0.27,False
sensor_1,2025-11-30T18:09:11.064953,56.17270624475215,24.9,82.9,0.45,False
sensor_3,2025-11-30T18:09:11.579278,64.75467610237831,29.7,60.8,0.0,False
sensor_1,2025-11-30T18:09:11.954453,20.633621259137065,28.3,52.5,0.16,True
sensor_2,2025-11-30T18:09:12.285799,0.0,18.6,41.8,0.0,True
sensor_1,2025-11-30T18:09:12.893375,45.83837059501468,20.5,78.0,0.0,False
sensor_3,2025-11-30T18:09:12.967399,26.32461495550492,23.8,44.9,0.4,True
sensor_2,2025-11-30T18:09:13.095265,72.07872658053188,18.8,59.6,1.09,False
sensor_3,2025-11-30T18:09:14.195704,29.132191605842145,22.2,35.0,0.0,True
sensor_1,2025-11-30T18:09:14.261715,40.02147605249064,26.8,51.1,0.1,False
sensor_2,2025-11-30T18:09:14.594771,37.76544238570111,27.3,69.1,1.13,False
sensor_3,2025-11-30T18:09:14.873066,50.92632375868568,24.4,47.2,1.38,False
sensor_1,2025-11-30T18:09:15.448392,62.058583458282634,23.0,81.4,1.36,False
sensor_3,2025-11-30T18:09:15.925423,8.430612099763547,23.7,64.6,0.83,False
sensor_2,2025-11-30T18:09:16.082043,42.949940432972134,36.0,88.7,0.0,False
sensor_1,2025-11-30T18:09:16.250972,42.34708084901705,22.2,72.1,0.0,False
sensor_3,2025-11-30T18:09:16.801502,22.292693133910298,22.5,55.8,1.18,False
sensor_2,2025-11-30T18:09:16.905827,81.46792895231994,20.5,43.8,0.0,False
sensor_1,2025-11-30T18:09:17.375442,49.277012532225854,30.2,31.6,0.73,False
sensor_3,2025-11-30T18:09:17.782690,31.700082194031395,22.5,87.3,0.0,False
sensor_1,2025-11-30T18:09:17.985540,28.27520698705909,26.3,88.5,0.0,True
sensor_2,2025-11-30T18:09:18.224043,45.1992576606839,35.0,38.6,0.0,False
sensor_3,2025-11-30T18:09:18.684685,28.538512677358625,24.2,78.9,0.0,True
sensor_2,2025-11-30T18:09:19.389294,33.79766014724403,30.8,61.1,0.0,False
sensor_1,2025-11-30T18:09:19.472814,44.85727753002595,27.8,39.7,0.0,False
sensor_3,2025-11-30T18:09:19.525087,53.227427335664515,22.5,34.5,0.0,False
sensor_3,2025-11-30T18:09:20.076587,32.801626936695456,22.1,41.1,0.0,False
sensor_1,2025-11-30T18:09:20.433620,37.07197999348393,25.0,47.9,0.0,False
sensor_2,2025-11-30T18:09:20.629344,12.476297200002094,28.4,89.7,0.0,True
sensor_3,2025-11-30T18:09:21.485893,52.50652299765828,34.9,30.4,0.0,False
sensor_2,2025-11-30T18:09:21.772684,34.7741341165439,23.3,69.3,0.0,False
sensor_1,2025-11-30T18:09:21.816249,50.297914903621546,27.4,46.5,0.0,False
sensor_3,2025-11-30T18:09:22.189687,41.957062825454045,30.0,53.2,1.05,False
sensor_2,2025-11-30T18:09:22.604790,36.21823703621808,23.7,32.7,1.08,False
sensor_1,2025-11-30T18:09:23.055110,50.24380546643828,26.8,54.3,0.75,False
sensor_2,2025-11-30T18:09:23.441922,53.991394865863754,21.1,54.7,1.52,False
sensor_3,2025-11-30T18:09:23.446086,28.176501515658632,24.5,55.2,0.0,True
sensor_2,2025-11-30T18:09:24.369444,32.63409760323482,27.7,71.9,0.79,False
sensor_3,2025-11-30T18:09:24.477621,44.05092398368321,28.2,85.9,1.05,False
sensor_1,2025-11-30T18:09:24.487236,42.070421592215794,29.6,40.1,0.1,False
sensor_2,2025-11-30T18:09:24.997256,40.135167388254196,26.4,57.8,0.0,False
sensor_3,2025-11-30T18:09:25.560124,23.883465313441345,21.1,68.7,0.33,True
sensor_1,2025-11-30T18:09:25.932144,47.1254097594516,25.0,78.9,0.0,False
sensor_2,2025-11-30T18:09:26.064229,49.954778227300146,27.2,36.8,0.0,False
sensor_3,2025-11-30T18:09:26.752526,25.849351708429214,26.5,66.2,0.0,True
sensor_1,2025-11-30T18:09:27.297439,52.92995853605484,24.2,85.1,0.0,False
sensor_3,2025-11-30T18:09:27.411114,36.56998304990275,25.4,81.0,0.1,False
sensor_2,2025-11-30T18:09:27.561629,71.35341701965808,33.1,64.5,0.14,False
sensor_2,2025-11-30T18:09:28.350533,41.11548135895224,21.0,63.0,1.21,False
sensor_3,2025-11-30T18:09:28.367861,37.09075762895209,16.7,32.4,0.53,False
sensor_1,2025-11-30T18:09:28.436201,28.71386819392474,19.6,64.7,0.11,True
sensor_1,2025-11-30T18:09:29.545976,54.388579359578685,31.5,50.9,1.27,False
sensor_2,2025-11-30T18:09:29.630337,41.537937545706754,27.8,72.5,0.61,False
sensor_3,2025-11-30T18:09:29.737521,29.89239808100956,22.6,60.8,0.3,True
sensor_2,2025-11-30T18:09:30.187687,33.99923152120918,30.6,55.3,0.0,False
sensor_3,2025-11-30T18:09:30.305509,66.98868307237049,20.4,42.1,0.74,False
sensor_1,2025-11-30T18:09:30.330604,30.15915264610939,22.6,88.2,0.0,False
sensor_3,2025-11-30T18:09:31.015278,25.30305723286745,22.9,71.8,0.11,True
sensor_2,2025-11-30T18:09:31.136435,54.86586026370218,20.2,78.4,0.0,False
sensor_3,2025-11-30T18:09:31.588186,79.1264380237484,17.0,83.9,0.92,False
sensor_1,2025-11-30T18:09:31.758928,48.170734943801925,25.1,79.5,1.35,False
sensor_2,2025-11-30T18:09:32.419413,18.565042060040486,20.7,84.9,0.3,True
sensor_3,2025-11-30T18:09:32.484922,33.807829635288705,28.2,67.2,0.0,False
sensor_1,2025-11-30T18:09:32.940397,42.45920106194273,28.3,57.5,0.39,False
sensor_3,2025-11-30T18:09:33.274621,7.97799623318415,25.8,61.1,1.22,False
sensor_2,2025-11-30T18:09:33.770821,63.810397248671535,33.5,59.2,0.0,False
sensor_1,2025-11-30T18:09:33.902662,33.244103812700054,26.5,40.8,0.36,False
sensor_1,2025-11-30T18:09:34.662393,58.735059408918374,19.1,33.7,0.0,False
sensor_3,2025-11-30T18:09:34.748311,0.0,19.7,73.4,0.29,True
sensor_2,2025-11-30T18:09:34.943173,21.846247810782053,30.4,86.9,0.0,True
sensor_2,2025-11-30T18:09:35.758335,27.993301080136128,23.3,41.4,1.27,False
sensor_1,2025-11-30T18:09:35.799875,52.912583784563,22.7,53.7,0.97,False
sensor_3,2025-11-30T18:09:35.969531,52.37872891123235,24.8,36.1,0.0,False
sensor_2,2025-11-30T18:09:37.060479,31.91265526972722,25.3,61.5,0.12,False
sensor_1,2025-11-30T18:09:37.281518,41.41277478176341,19.0,58.6,0.0,False
sensor_3,2025-11-30T18:09:37.342894,34.87946897083376,20.6,56.5,0.33,False
sensor_2,2025-11-30T18:09:38.081894,39.452650179654114,27.0,89.6,0.15,False
sensor_1,2025-11-30T18:09:38.206019,47.09582322249411,28.3,67.3,0.91,False
sensor_3,2025-11-30T18:09:38.614652,42.460430163155614,30.8,88.5,0.22,False
sensor_2,2025-11-30T18:09:38.771709,39.87123605573946,24.3,71.4,0.0,False
sensor_1,2025-11-30T18:09:39.276054,28.83145986651258,28.4,76.0,0.29,True
sensor_3,2025-11-30T18:09:39.346227,17.117977890254668,32.9,69.1,0.0,True
sensor_2,2025-11-30T18:09:39.788770,42.0995331440984,37.8,63.7,0.81,False
sensor_1,2025-11-30T18:09:40.559868,40.51540680999351,30.0,49.3,0.2,False
sensor_3,2025-11-30T18:09:40.839673,66.28388598364951,23.0,75.9,0.63,False
sensor_2,2025-11-30T18:09:41.173922,37.00996999481397,10.4,84.6,0.72,False
sensor_1,2025-11-30T18:09:41.793123,53.097419851808276,17.5,48.8,0.3,False
sensor_3,2025-11-30T18:09:41.932408,56.81143035181692,19.2,31.9,0.13,False
sensor_2,2025-11-30T18:09:42.446480,32.24255515931177,27.1,61.6,0.91,False
sensor_1,2025-11-30T18:09:42.609537,20.565827901190193,27.6,74.7,0.0,True
sensor_2,2025-11-30T18:09:43.018937,35.02813925573594,28.5,45.7,0.54,False
sensor_3,2025-11-30T18:09:43.424451,35.830366044141854,23.1,78.1,0.12,False
sensor_1,2025-11-30T18:09:43.649916,65.72117472426783,24.6,50.0,0.0,False
sensor_2,2025-11-30T18:09:44.087650,20.525604904645917,23.7,69.5,0.21,True
sensor_3,2025-11-30T18:09:44.529379,60.39909101990152,27.5,44.5,0.0,False
sensor_2,2025-11-30T18:09:44.794015,17.96131385898425,34.8,59.5,0.0,True
sensor_1,2025-11-30T18:09:44.809903,21.918963179126948,22.8,55.6,1.04,False
sensor_2,2025-11-30T18:09:45.566768,35.76651867942757,24.0,45.7,0.0,False
sensor_3,2025-11-30T18:09:45.615020,41.268320621893935,28.8,53.5,0.08,False
sensor_1,2025-11-30T18:09:45.982411,26.733512071637442,29.5,77.8,0.96,False
sensor_1,2025-11-30T18:09:46.964821,49.24301601920226,27.4,42.9,0.66,False
sensor_2,2025-11-30T18:09:47.054101,0.0,35.2,66.9,0.65,False
sensor_3,2025-11-30T18:09:47.108187,51.76784512472616,16.8,38.3,0.8,False
sensor_1,2025-11-30T18:09:47.654433,39.05134687426766,24.3,42.5,0.07,False
sensor_3,2025-11-30T18:09:47.993914,48.924955749507404,24.2,66.0,0.5,False
sensor_1,2025-11-30T18:09:48.333884,50.640524797256205,27.6,41.9,0.2,False
sensor_2,2025-11-30T18:09:48.439416,31.6484268626698,29.8,82.8,0.15,False
